"","GenAll$TXCHROM","genesNoAneu$GENEID.x","genesNoAneu$TXCHROM.x","GENEID","baseMean.x","log2FoldChange.x","lfcSE.x","stat.x","pvalue.x","padj.x","Sample.x","genesNoAneu$GENEID.y","genesNoAneu$TXCHROM.y","baseMean.y","log2FoldChange.y","lfcSE.y","stat.y","pvalue.y","padj.y","Sample.y"
"1","chrI","YAL036C","chrI","YAL036C",361.13566964592,-0.730253630688693,0.226523201664614,-3.2237476131469,0.00127148772464308,0.0209113037651752,"4","YAL036C","chrI",361.13566964592,-0.741488818693175,0.228797424763019,-3.2408092855992,0.00119790227259525,0.0678662016492748,"49"
"2","chrI","YAL043C","chrI","YAL043C",573.118860008559,0.65615654702379,0.185131228416225,3.54427803800109,0.000396452168853576,0.00994889882355827,"4","YAL043C","chrI",573.118860008559,0.598001395541494,0.186167737027149,3.21216449794568,0.00132379962649493,0.070393625752739,"49"
"3","chrII","YBL041W","chrII","YBL041W",1763.73989815122,-0.320064015317097,0.124896175253874,-2.56264064665319,0.0104102350256897,0.0812444883640291,"4","YBL041W","chrII",1763.73989815122,-0.388938193017991,0.125637645107584,-3.09571381002042,0.00197173660603955,0.0847706901121401,"49"
"4","chrIII","YCL039W","chrIII","YCL039W",639.808670497468,0.928295455339864,0.197929211994792,4.69003764519757,2.78727099101778e-06,0.000443743272107936,"4","YCL039W","chrIII",639.808670497468,0.725417724470881,0.199109868925853,3.6433037115856,0.000271255214881345,0.0252121760527011,"49"
"5","chrIV","YDL167C","chrIV","YDL167C",264.214864309418,-0.806154445084495,0.255211331683333,-3.1587721429422,0.00159160030493235,0.0243849920403057,"4","YDL167C","chrIV",264.214864309418,-0.821627035362305,0.258290178225893,-3.18102314615979,0.00147444797812868,0.0751080154367378,"49"
"6","chrIV","YDL184C","chrIV","YDL184C",637.784529830985,-1.16551586114606,0.403197439561249,-2.89068269484636,0.00385677167329871,0.0455458918497873,"4","YDL184C","chrIV",637.784529830985,-1.26846360100607,0.404127009500056,-3.13877462081853,0.00170413988765099,0.0800710122677953,"49"
"7","chrIV","YDL213C","chrIV","YDL213C",371.552759175801,-0.757199044914033,0.283771254351377,-2.66834301678928,0.0076415263447266,0.0680259424755325,"4","YDL213C","chrIV",371.552759175801,-0.914579326161141,0.286195068439594,-3.19565019463002,0.00140182235866546,0.0726311721216242,"49"
"8","chrIV","YDR028C","chrIV","YDR028C",2069.16493057931,0.67319623155203,0.180902016632534,3.72133071860383,0.000199845679593089,0.00618510933249131,"4","YDR028C","chrIV",2069.16493057931,0.574343926642064,0.181242282862266,3.16892900250288,0.00153709960806737,0.0756875493684614,"49"
"9","chrIV","YDR309C","chrIV","YDR309C",984.438292045043,0.945147391577913,0.274802183344186,3.4393736617228,0.000586718360059081,0.0131379780471691,"4","YDR309C","chrIV",984.438292045043,1.31103228980264,0.274826946975125,4.7703920748401,1.87873829897932e-06,0.000544464966862173,"49"
"10","chrIV","YDR421W","chrIV","YDR421W",722.841335573174,0.480702926410625,0.138687288512546,3.46609218167201,0.000531490941067985,0.0123773610355912,"4","YDR421W","chrIV",722.841335573174,0.499544934312588,0.139654224725032,3.57701269185485,0.000350067326675332,0.0298888469620544,"49"
"11","chrIV","YDR477W","chrIV","YDR477W",1107.00135042974,0.715856027177804,0.184188400772878,3.88654238906458,0.000102691898715243,0.00398581489546763,"4","YDR477W","chrIV",1107.00135042974,0.55943014103228,0.184868014272533,3.02610564209104,0.0024869371274565,0.0968186534831977,"49"
"12","chrV","YEL004W","chrV","YEL004W",193.605832666184,0.536168450710936,0.172698476261454,3.10465073182934,0.00191321558061796,0.0280572823938483,"4","YEL004W","chrV",193.605832666184,0.619739533270207,0.174920814869418,3.54297190836239,0.000398417064379001,0.0330849896474727,"49"
"13","chrV","YEL011W","chrV","YEL011W",6680.42482164105,1.14573074392879,0.303817622547047,3.77111351976093,0.000163960642882778,0.0054547363592202,"4","YEL011W","chrV",6680.42482164105,1.21662754020532,0.303839763059682,4.00417485833261,6.29263822369031e-05,0.00976950489737596,"49"
"14","chrV","YEL013W","chrV","YEL013W",1011.1519605378,1.02842647566291,0.274300228933835,3.74927312186453,0.000178885086441862,0.00578593874035845,"4","YEL013W","chrV",1011.1519605378,1.05175967425847,0.274552175750121,3.83081893772974,0.000128918242579505,0.0156300477303392,"49"
"15","chrV","YEL015W","chrV","YEL015W",839.389107518805,0.954092820814744,0.150037571819628,6.3590260042447,2.16800628002784e-10,5.04408229316439e-07,"4","YEL015W","chrV",839.389107518805,0.859840022280126,0.150732938922993,5.70439366752746,1.21886033789222e-08,1.57985782108839e-05,"49"
"16","chrV","YEL017W","chrV","YEL017W",368.401697890036,1.08563838763338,0.269313980879772,4.03112524677294,5.61436972744573e-05,0.00274923387878062,"4","YEL017W","chrV",368.401697890036,0.934694276086904,0.270264487828158,3.45844281502944,0.000546785817751335,0.0404221417952267,"49"
"17","chrV","YEL024W","chrV","YEL024W",13888.5672886127,0.566216903607087,0.159873773405165,3.54164971243992,0.000400415395772422,0.00998197306644847,"4","YEL024W","chrV",13888.5672886127,0.607914044865018,0.159906582027952,3.80168243955556,0.000145029609878321,0.0171209805682533,"49"
"18","chrV","YEL025C","chrV","YEL025C",978.736310225726,0.80013565862113,0.188544375326261,4.24375247066669,2.22863991125022e-05,0.00147444790492032,"4","YEL025C","chrV",978.736310225726,0.66820001920283,0.18918504370284,3.53199177971171,0.000415298699995181,0.0340208205320377,"49"
"19","chrV","YEL030W","chrV","YEL030W",255.857881706458,0.669471914001258,0.180764193704047,3.70356485033391,0.000214350249162821,0.00643271727126776,"4","YEL030W","chrV",255.857881706458,0.680877152989159,0.182365708520814,3.73358104718161,0.000190387019836477,0.0202478265657671,"49"
"20","chrV","YEL031W","chrV","YEL031W",1757.7339018408,1.09870835077765,0.286162371706129,3.83945780232056,0.000124475545035331,0.00450741640371893,"4","YEL031W","chrV",1757.7339018408,0.871486045169958,0.286451606228228,3.04235000335661,0.00235674163631341,0.0933762601263523,"49"
"21","chrV","YEL032W","chrV","YEL032W",833.046042631708,0.831926879606714,0.287143461340666,2.89725169336076,0.00377702737547147,0.0451190888581084,"4","YEL032W","chrV",833.046042631708,0.919303523310522,0.287365877869394,3.1990698760983,0.00138532589425592,0.0723952204394776,"49"
"22","chrV","YEL041W","chrV","YEL041W",374.000291706975,1.15508504268341,0.294260902856215,3.92537721277851,8.74868598895003e-05,0.00367874560822808,"4","YEL041W","chrV",374.000291706975,0.996530739843431,0.295229658916523,3.3754425063547,0.000741280585823866,0.0497593844480473,"49"
"23","chrV","YEL042W","chrV","YEL042W",862.458518777041,0.928621813186216,0.22575644850769,4.11337890600535,3.94713449482044e-05,0.0022529624538083,"4","YEL042W","chrV",862.458518777041,0.932483265441929,0.226111798649689,4.12399207387939,3.76994679249837e-05,0.00652954784460718,"49"
"24","chrV","YEL043W","chrV","YEL043W",1073.96532164502,0.832601787122243,0.143928435257378,5.78483178555617,7.59550349085684e-09,4.91344681375206e-06,"4","YEL043W","chrV",1073.96532164502,0.783626168854096,0.144494207884418,5.42323585372312,6.06349904614738e-08,3.49695023494019e-05,"49"
"25","chrV","YEL052W","chrV","YEL052W",2185.00974031695,1.34216383723485,0.255165021683446,5.25998363090659,1.48663669795417e-07,5.77013257032614e-05,"4","YEL052W","chrV",2185.00974031695,0.979587361228879,0.255481015187476,3.83428631873113,0.000127117413713898,0.0156300477303392,"49"
"26","chrV","YEL053C","chrV","YEL053C",552.174901077697,1.02243429442086,0.221283665644951,4.62046889652196,3.90245507875677e-06,0.000528374266709811,"4","YEL053C","chrV",552.174901077697,0.742810965901449,0.222608489812735,3.33684922136764,0.000852086796816244,0.0508117463902341,"49"
"27","chrV","YEL060C","chrV","YEL060C",11456.2407746294,0.828281788699005,0.330729539228426,2.50440825646037,0.0122898959560176,0.0894397178199179,"4","YEL060C","chrV",11456.2407746294,1.07950266268479,0.330734775079557,3.2639527017536,0.00110436705839379,0.0631572934715391,"49"
"28","chrV","YEL062W","chrV","YEL062W",324.374476011714,0.677546487224361,0.126622561862568,5.3509143809596,9.04967039153473e-08,3.76337007282251e-05,"4","YEL062W","chrV",324.374476011714,0.620091737946483,0.128991536763883,4.80722808257996,1.56472824608051e-06,0.000499230664617897,"49"
"29","chrV","YEL063C","chrV","YEL063C",1744.6526319072,1.09400590145324,0.175187179844767,6.24478287978968,4.51134698857032e-10,6.56626554186411e-07,"4","YEL063C","chrV",1744.6526319072,1.21028789145853,0.175344026775386,6.90236168129583,5.59807450335921e-12,3.39355276393636e-08,"49"
"30","chrV","YER001W","chrV","YER001W",1206.31429552868,1.17366900286017,0.307371559930744,3.81840467974533,0.000135564885555164,0.00474837681078716,"4","YER001W","chrV",1206.31429552868,1.35948951493103,0.307456234031798,4.42173345163146,9.95034002488281e-06,0.00201063204102799,"49"
"31","chrV","YER005W","chrV","YER005W",586.959931994419,0.799893219697147,0.190141022759937,4.20684189075314,2.62440639298357e-05,0.00166079282825547,"4","YER005W","chrV",586.959931994419,0.618982908647135,0.191442547349189,3.23325675100905,0.00122997631639168,0.0680518528948267,"49"
"32","chrV","YER008C","chrV","YER008C",792.748530452782,1.07528394682798,0.173840249091076,6.18547173310039,6.56724795857386e-10,7.6469035229634e-07,"4","YER008C","chrV",792.748530452782,0.947403459212089,0.174566259870993,5.42718541321922,5.93148268009885e-08,3.49695023494019e-05,"49"
"33","chrV","YER013W","chrV","YER013W",369.980557378172,0.760146672507904,0.165492837372432,4.59323004292468,4.44650739252409e-06,0.00053948179544084,"4","YER013W","chrV",369.980557378172,0.631316998391743,0.167330574482076,3.77287295131691,0.000162810804295001,0.0182924370744219,"49"
"34","chrV","YER017C","chrV","YER017C",1710.67365835248,1.88860348069918,0.340716286564823,5.54303846094502,3.08922495682875e-08,1.38349751528131e-05,"4","YER017C","chrV",1710.67365835248,1.36942764448596,0.341065568807386,4.01514479832858,6.00768666073063e-05,0.00958384119403923,"49"
"35","chrV","YER020W","chrV","YER020W",2218.52667666142,0.569035938594969,0.207628681947998,2.74064225258381,0.00614864661564286,0.0600627862353569,"4","YER020W","chrV",2218.52667666142,0.732486449129677,0.207727025496135,3.5261971685206,0.000424474859487818,0.034308887976202,"49"
"36","chrV","YER021W","chrV","YER021W",2692.48062361354,0.565897853352717,0.173402203517199,3.26349862847382,0.00110613534461488,0.019109554825958,"4","YER021W","chrV",2692.48062361354,0.62276896783879,0.173549443304337,3.58842388648115,0.000335128220127442,0.02944271406395,"49"
"37","chrV","YER022W","chrV","YER022W",519.364278585214,0.392812302197378,0.125268233518447,3.13576946975573,0.00172167103900513,0.0259006945454467,"4","YER022W","chrV",519.364278585214,0.53583305657138,0.126156135907734,4.24738006372729,2.19296928744872e-05,0.00402841812742853,"49"
"38","chrV","YER024W","chrV","YER024W",25784.8215096491,1.07118317489142,0.224059266378777,4.78080283044648,1.78433000542513e-06,0.000301977176606209,"4","YER024W","chrV",25784.8215096491,0.797807878245564,0.224083307087471,3.56031820761257,0.000373048964864458,0.0314086503473381,"49"
"39","chrV","YER025W","chrV","YER025W",2066.88993567598,0.595307135259985,0.154353261338537,3.85678365392178,0.000115996892275612,0.00438528510927672,"4","YER025W","chrV",2066.88993567598,0.497661634850159,0.15472047553404,3.21652084594756,0.00130389665012618,0.070393625752739,"49"
"40","chrV","YER026C","chrV","YER026C",2243.59939041997,1.45228393375198,0.300870628240655,4.82693821674861,1.41810414599035e-06,0.000266329107675995,"4","YER026C","chrV",2243.59939041997,1.16362167261854,0.301031444973553,3.86544891587912,0.00011196369746238,0.0147548681308032,"49"
"41","chrV","YER027C","chrV","YER027C",613.539041657868,1.11553330290448,0.181286722086224,6.15341978754464,8.0334232542711e-10,7.79509836439439e-07,"4","YER027C","chrV",613.539041657868,1.03389926620552,0.182160006230946,5.67577531203376,1.44006005264548e-08,1.57985782108839e-05,"49"
"42","chrV","YER033C","chrV","YER033C",421.537839729302,1.41288851111419,0.443522178636445,3.18560960233813,0.00145131056800944,0.0227962140424377,"4","YER033C","chrV",421.537839729302,1.40967712661582,0.443935888836824,3.17540699471129,0.00150324284354406,0.0753112241120997,"49"
"43","chrV","YER035W","chrV","YER035W",1072.83892041858,0.65388865364136,0.244700138346651,2.67220385758441,0.00755425364720441,0.0675878367902387,"4","YER035W","chrV",1072.83892041858,0.737645710028889,0.244941825515799,3.01151389100475,0.00260946445112864,0.0988660843921362,"49"
"44","chrV","YER040W","chrV","YER040W",539.490658364432,0.928562624056012,0.22183606990477,4.18580542133939,2.87898918699218e-05,0.00176436579438615,"4","YER040W","chrV",539.490658364432,0.810367025995254,0.22285129929597,3.63635764545848,0.000278656515264099,0.0252121760527011,"49"
"45","chrV","YER041W","chrV","YER041W",326.022979267132,0.550542339673747,0.14626418699596,3.76402693633374,0.000168669757694583,0.00554799621072239,"4","YER041W","chrV",326.022979267132,0.545362470817162,0.148258782299313,3.67844968344712,0.000236548911882396,0.0238993250638514,"49"
"46","chrV","YER043C","chrV","YER043C",2507.27825566776,1.21308351317899,0.295720309578114,4.10213121618065,4.14353093129896e-05,0.00225454552168435,"4","YER043C","chrV",2507.27825566776,0.891820635243933,0.295943650076355,3.01348123203129,0.00259262874726834,0.0988460092197526,"49"
"47","chrV","YER047C","chrV","YER047C",494.954717107933,0.743878303623747,0.130593663574766,5.69612861192053,1.27910434819472e-08,7.07166451661778e-06,"4","YER047C","chrV",494.954717107933,0.747159047192423,0.131798403136678,5.66895371575635,1.49828422472116e-08,1.57985782108839e-05,"49"
"48","chrV","YER048C","chrV","YER048C",2037.50538688646,0.536342875028018,0.109473102647387,4.89931190454683,9.84970620248946e-07,0.000212388850040347,"4","YER048C","chrV",2037.50538688646,0.52172481072851,0.109873777736237,4.74840149740698,2.09418614458318e-06,0.000577043473111966,"49"
"49","chrV","YER051W","chrV","YER051W",543.35601675047,0.604299831411751,0.120843227113943,5.00069259853476,5.86199268296778e-07,0.000153335042653195,"4","YER051W","chrV",543.35601675047,0.660344397674444,0.121945659674149,5.41507093765331,6.34550521021809e-08,3.49695023494019e-05,"49"
"50","chrV","YER059W","chrV","YER059W",526.054169187556,0.482019971264425,0.121473340307373,3.96811325056786,7.32222719636178e-05,0.00330465168505568,"4","YER059W","chrV",526.054169187556,0.395764569055804,0.123178554935981,3.2129340148656,0.00132026364635225,0.070393625752739,"49"
"51","chrV","YER060W","chrV","YER060W",241.021685623637,0.632848451355459,0.178876445380002,3.53790824728794,0.0004061210132697,0.00998197306644847,"4","YER060W","chrV",241.021685623637,0.622207153975376,0.180990270134463,3.43779338808169,0.000590146612591842,0.0417391135850607,"49"
"52","chrV","YER063W","chrV","YER063W",680.711776109429,0.744403655635147,0.153521522915845,4.84885533635047,1.27058454160768e-06,0.000264190828615712,"4","YER063W","chrV",680.711776109429,0.829178831258771,0.154092379188498,5.38105022211678,7.66355573370456e-08,3.87137290480975e-05,"49"
"53","chrV","YER068W","chrV","YER068W",1060.81997547932,0.992884678957551,0.222762187985718,4.45715086539375,8.44480078927513e-06,0.000820549706463532,"4","YER068W","chrV",1060.81997547932,0.973721472004173,0.223130460840932,4.36391099778318,1.29731365447221e-05,0.00245759855419079,"49"
"54","chrV","YER072W","chrV","YER072W",1314.40855138691,0.844990598571945,0.235596793067155,3.58659635206107,0.000337479935176085,0.00873248081153408,"4","YER072W","chrV",1314.40855138691,0.889826069332104,0.235861580648746,3.77266219824613,0.000162948136261759,0.0182924370744219,"49"
"55","chrV","YER075C","chrV","YER075C",240.215858618965,0.806707637527467,0.17488561423895,4.61277298900781,4.04933194298549e-06,0.000535800240274125,"4","YER075C","chrV",240.215858618965,0.664100117084457,0.177689638216167,3.73741611357523,0.000187513491741474,0.0202478265657671,"49"
"56","chrV","YER076C","chrV","YER076C",151.75289322968,0.86202824798505,0.168768723057144,5.10774883147734,3.35288849860554e-07,0.000102739562309902,"4","YER076C","chrV",151.75289322968,0.546549412751372,0.174377180313882,3.1342943598903,0.00173033695266928,0.0800710122677953,"49"
"57","chrV","YER080W","chrV","YER080W",2034.19785770383,1.01362035632782,0.223368709358387,4.53787980975215,5.78430691907085e-06,0.000647619901592894,"4","YER080W","chrV",2034.19785770383,1.0534775424773,0.223495534606392,4.71364022700781,2.48391485703124e-06,0.000627395494305141,"49"
"58","chrV","YER083C","chrV","YER083C",582.231362661287,0.465195932298179,0.172602905960291,2.6951801866256,0.00705312530045227,0.0649735688279005,"4","YER083C","chrV",582.231362661287,0.57010103125272,0.173201971471555,3.29153892654362,0.00100171511947053,0.0583884332137534,"49"
"59","chrV","YER088C","chrV","YER088C",3160.56089962865,1.18256960634268,0.263747755952212,4.48371438108823,7.46125705771085e-06,0.000775704260535581,"4","YER088C","chrV",3160.56089962865,1.05429336744109,0.263867248324034,3.99554463139128,6.52575950587733e-05,0.00976950489737596,"49"
"60","chrV","YER089C","chrV","YER089C",291.651951913483,1.43661188531556,0.297221154896419,4.83347790575748,1.37244439455976e-06,0.000266329107675995,"4","YER089C","chrV",291.651951913483,1.07087622449356,0.298844513175888,3.58338927863562,0.000341644245301563,0.0295863916431154,"49"
"61","chrV","YER093C","chrV","YER093C",567.317893489937,1.13282479240108,0.168521139969554,6.7221524409682,1.94257455323273e-11,1.1309669048921e-07,"4","YER093C","chrV",567.317893489937,0.819632877042155,0.170064216247117,4.81954931571943,1.47145112859867e-06,0.000495552041198062,"49"
"62","chrV","YER098W","chrV","YER098W",573.728564620531,1.29954996494094,0.370930527583179,3.50348614714523,0.000462295996868619,0.0110760793982268,"4","YER098W","chrV",573.728564620531,1.1222745967345,0.371543704686296,3.02057223034384,0.00253276786109108,0.0971749289489503,"49"
"63","chrV","YER105C","chrV","YER105C",1104.72245153106,1.09651933363193,0.182516870948439,6.00776973621082,1.98245031530387e-09,1.49025933749622e-06,"4","YER105C","chrV",1104.72245153106,0.972620842429009,0.182966011654857,5.31585529810716,1.09687094884755e-07,5.11479360916449e-05,"49"
"64","chrV","YER109C","chrV","YER109C",168.124863865082,0.963860723882851,0.259546041943558,3.71364061907928,0.000206007076456641,0.00627944083314433,"4","YER109C","chrV",168.124863865082,0.800973760885079,0.262524575210228,3.05104297471452,0.00228966206911098,0.0926889762203342,"49"
"65","chrV","YER110C","chrV","YER110C",1249.52408478591,0.859714085981783,0.220278595506709,3.90284895363608,9.60261663946269e-05,0.00385561614310012,"4","YER110C","chrV",1249.52408478591,0.697037474158838,0.220685345383666,3.15851273652551,0.00159301527418841,0.0766417348581759,"49"
"66","chrV","YER113C","chrV","YER113C",363.684491357575,1.09268746563509,0.237248342231772,4.60566955012747,4.18959301991173e-06,0.00053948179544084,"4","YER113C","chrV",363.684491357575,0.803725689737663,0.239101475908192,3.36144177565123,0.000779831698978992,0.0497614711495858,"49"
"67","chrV","YER114C","chrV","YER114C",692.790283250519,0.741257539232868,0.164442657937149,4.5076961691788,6.66823332677878e-06,0.000713272499528847,"4","YER114C","chrV",692.790283250519,0.799122676375372,0.16505640532009,4.84151266244803,1.31828021235703e-06,0.000470083214547547,"49"
"68","chrV","YER115C","chrV","YER115C",396.314263448895,0.444575924541903,0.171848649130864,2.58702018776624,0.00970247091862099,0.0779141871561536,"4","YER115C","chrV",396.314263448895,0.627939920386351,0.172543418479385,3.63931540200343,0.000275482066544142,0.0252121760527011,"49"
"69","chrV","YER116C","chrV","YER116C",549.32892664897,0.476469773012677,0.183353457997138,2.5986407794944,0.00938046511750099,0.0765566579994795,"4","YER116C","chrV",549.32892664897,0.673541542845797,0.183790855194167,3.66471738832833,0.000249581390671635,0.0240152760357373,"49"
"70","chrV","YER120W","chrV","YER120W",1153.05996378359,0.761718212171365,0.213828875109624,3.56227947128682,0.000370277746877513,0.00937285670574295,"4","YER120W","chrV",1153.05996378359,0.82303275930557,0.214057701983122,3.84491074920754,0.000121746009747137,0.0153755064809822,"49"
"71","chrV","YER122C","chrV","YER122C",1680.82766767887,0.60571810893817,0.116462524411463,5.20097011462816,2.04301063849052e-07,7.43400496080739e-05,"4","YER122C","chrV",1680.82766767887,0.516157122029502,0.116964280545567,4.41294658182777,1.03617731168498e-05,0.0020262280204627,"49"
"72","chrV","YER123W","chrV","YER123W",703.904637480262,0.726490343828642,0.145703538976674,4.98608578028396,6.32092240411661e-07,0.000153335042653195,"4","YER123W","chrV",703.904637480262,0.809858167950772,0.146350795001181,5.53367795469943,3.25797432712307e-08,2.46873004637751e-05,"49"
"73","chrV","YER125W","chrV","YER125W",2219.18458778848,1.13218484523472,0.295738637051982,3.82832915076875,0.0001302261501004,0.00460842233533901,"4","YER125W","chrV",2219.18458778848,1.11084338868715,0.295858704372459,3.75464156460546,0.000175102510603736,0.0192994803505427,"49"
"74","chrV","YER129W","chrV","YER129W",874.411601090721,0.816643504234113,0.159623281321873,5.1160676404552,3.20897666292989e-07,0.000102739562309902,"4","YER129W","chrV",874.411601090721,0.735725077746614,0.160366687393713,4.58776750772653,4.56403544923548e-06,0.00102471047752835,"49"
"75","chrV","YER132C","chrV","YER132C",268.742741940773,0.725674965918825,0.187306586214785,3.87426294282407,0.000107997245408825,0.0041365787024354,"4","YER132C","chrV",268.742741940773,0.650906522601495,0.189388915224854,3.43687761149432,0.000592141829151306,0.0417391135850607,"49"
"76","chrV","YER133W","chrV","YER133W",3735.61443170674,0.368140649026825,0.132263092557566,2.78339665214313,0.00539481191527875,0.0558673018327968,"4","YER133W","chrV",3735.61443170674,0.483286000934176,0.132394121780963,3.6503584481926,0.000263927061415744,0.0249988413484725,"49"
"77","chrV","YER133W-A","chrV","YER133W-A",36.0909564882557,1.19292221438108,0.366214039471227,3.25744533471063,0.00112996004323517,0.0194059804475373,"4","YER133W-A","chrV",36.0909564882557,1.24353694733499,0.370890942283222,3.35283719704698,0.000804439552541296,0.0502580427263983,"49"
"78","chrV","YER141W","chrV","YER141W",3858.71567641807,1.99565612887885,0.385353807349768,5.1787632321678,2.30064825065407e-07,7.87904359724e-05,"4","YER141W","chrV",3858.71567641807,1.41283249452709,0.385511730566253,3.6648236162668,0.000249478040040018,0.0240152760357373,"49"
"79","chrV","YER151C","chrV","YER151C",730.263841947339,0.99403899350728,0.230413247121771,4.31415730616365,1.62581473913689e-05,0.00121352479631474,"4","YER151C","chrV",730.263841947339,0.800610666836632,0.231252402755125,3.46206420905562,0.000539494439589257,0.0403754974418528,"49"
"80","chrV","YER154W","chrV","YER154W",465.637201872251,2.13661786620352,0.3777265944961,5.65651954968603,1.61035162184791e-08,7.81288928533212e-06,"4","YER154W","chrV",465.637201872251,1.46536717435379,0.379024426158928,3.86615498426836,0.000111640959260053,0.0147548681308032,"49"
"81","chrV","YER155C","chrV","YER155C",1401.70036507544,1.13668782756622,0.25079122604197,4.5324066774808,5.93578267712176e-06,0.000652040127286847,"4","YER155C","chrV",1401.70036507544,1.16056291568734,0.250974713334334,4.62422249743267,3.83268393589911e-06,0.000929349200776816,"49"
"82","chrV","YER158C","chrV","YER158C",1323.59430514178,0.946605988800376,0.256698580254299,3.68761676773833,0.000228207467253422,0.00671022158762336,"4","YER158C","chrV",1323.59430514178,1.18395521518463,0.256775113427783,4.61086434498883,4.08657040274e-06,0.000952799606977304,"49"
"83","chrV","YER161C","chrV","YER161C",580.078860653414,0.443754304662908,0.169680488962339,2.61523471187898,0.00893717812197901,0.0747589813594279,"4","YER161C","chrV",580.078860653414,0.519203278202422,0.170389409675771,3.04715697525098,0.00231942928985336,0.093115101689345,"49"
"84","chrV","YER162C","chrV","YER162C",710.448273884468,0.762108387838914,0.154370228596559,4.93688708481903,8.13556624811287e-07,0.000182174102678897,"4","YER162C","chrV",710.448273884468,0.709688066919243,0.15518004804877,4.57332031947948,4.88939148970478e-06,0.00105855325752108,"49"
"85","chrV","YER164W","chrV","YER164W",928.547419038412,0.841086819974324,0.219083271366058,3.83911932084027,0.000124646863792296,0.00450741640371893,"4","YER164W","chrV",928.547419038412,0.886246292836017,0.219443317212777,4.03861144687625,5.43862676675467e-05,0.008999403449847,"49"
"86","chrV","YER166W","chrV","YER166W",1210.87447672576,1.1236687918503,0.187200709038784,6.0024814949686,2.04776274475605e-09,1.49025933749622e-06,"4","YER166W","chrV",1210.87447672576,1.05614049823851,0.187581341622144,5.63030677307955,1.87391559869143e-08,1.62281090846678e-05,"49"
"87","chrV","YER168C","chrV","YER168C",427.279119159447,0.988030833447958,0.239008876993823,4.13386668258976,3.61189371410534e-05,0.00212408537409306,"4","YER168C","chrV",427.279119159447,0.869299604523331,0.240126745255399,3.62016985487704,0.000296646252690753,0.0264451409384021,"49"
"88","chrV","YER171W","chrV","YER171W",411.969377599504,0.827894234152261,0.130769762728212,6.33093015449551,2.59914924072367e-10,5.04408229316439e-07,"4","YER171W","chrV",411.969377599504,0.654698144100432,0.133127841949604,4.91781534585583,8.96616345112482e-07,0.000339705517754492,"49"
"89","chrV","YER172C","chrV","YER172C",917.667414759437,0.849699595197374,0.236333490429845,3.59534145436575,0.000326364716026931,0.00863679716685816,"4","YER172C","chrV",917.667414759437,0.812674502971601,0.23672110849374,3.43304620421331,0.000600557674849457,0.0418457543096254,"49"
"90","chrV","YER178W","chrV","YER178W",10264.1720806461,0.642998175701896,0.243207277373614,2.64382786011015,0.00821708530976556,0.0708690140006262,"4","YER178W","chrV",10264.1720806461,0.847524300341824,0.243221108683964,3.48458365693529,0.000496148890919218,0.0384291064644921,"49"
"91","chrV","YER188W","chrV","YER188W",37.2412257777295,1.75398238871558,0.347082529532936,5.05350237903327,4.45609979428686e-07,0.000123540061915896,"4","YER188W","chrV",37.2412257777295,1.21048646104492,0.362865420680058,3.33591020818766,0.000854965049786189,0.0508117463902341,"49"
"92","chrVI","YFL041W","chrVI","YFL041W",918.522401091726,0.52475239862104,0.159129578983385,3.29764209755014,0.000980231907049373,0.0177233234870853,"4","YFL041W","chrVI",918.522401091726,0.497919785053791,0.159969729403329,3.11258753084713,0.00186258567976128,0.0827688779896572,"49"
"93","chrVI","YFR001W","chrVI","YFR001W",586.92453056386,-1.00732489714802,0.268317434365225,-3.75422826895728,0.000175391022065364,0.00570594720563605,"4","YFR001W","chrVI",586.92453056386,-0.906867257804313,0.269074482082692,-3.37032055505588,0.000755173765955189,0.0497593844480473,"49"
"94","chrVII","YGL029W","chrVII","YGL029W",78.5092492580516,-1.48864227139201,0.511081483613437,-2.91272980751924,0.00359502395170478,0.0435139905339402,"4","YGL029W","chrVII",78.5092492580516,-1.70160992358994,0.520594708087874,-3.26858859138213,0.00108646264674994,0.0627251101390299,"49"
"95","chrVII","YGL103W","chrVII","YGL103W",19.3326840866559,-1.84097427094195,0.579637912060214,-3.17607636187659,0.00149978390035167,0.0233469033899663,"4","YGL103W","chrVII",19.3326840866559,-1.96148343267201,0.612236242991169,-3.20380156373772,0.00136279554041252,0.0718371005737453,"49"
"96","chrVII","YGL219C","chrVII","YGL219C",2167.72552329053,0.669029888849126,0.20272254079411,3.3002244655596,0.000971271082710164,0.0176160132197463,"4","YGL219C","chrVII",2167.72552329053,0.613529670172205,0.203014902715508,3.02209178718256,0.00252010570731834,0.0971749289489503,"49"
"97","chrVII","YGR169C-A","chrVII","YGR169C-A",320.58023481991,-1.1248240022244,0.330704286359135,-3.40129852747924,0.000674700395550773,0.0140898926706173,"4","YGR169C-A","chrVII",320.58023481991,-1.16406670644786,0.33329814712623,-3.49256879008989,0.000481575449816379,0.0379131217764531,"49"
"98","chrVII","YGR187C","chrVII","YGR187C",208.545741005399,-0.520033862263423,0.207552202265476,-2.50555694705787,0.0122500863264272,0.0894397178199179,"4","YGR187C","chrVII",208.545741005399,-0.649736880575845,0.212339073446082,-3.05990258896382,0.00222310059165743,0.091676433922635,"49"
"99","chrVII","YGR280C","chrVII","YGR280C",644.574930176342,-1.13089935708009,0.255057539214296,-4.43389895693269,9.40639555428186e-06,0.000869270395508396,"4","YGR280C","chrVII",644.574930176342,-0.773259602646259,0.255299291816064,-3.02883567418343,0.00246460622765572,0.0968186534831977,"49"
"100","chrVII","YGR283C","chrVII","YGR283C",162.234455211684,-0.97092505232168,0.286368057488756,-3.39047958363793,0.000701852637914037,0.0143879790772378,"4","YGR283C","chrVII",162.234455211684,-0.887972993597155,0.28982760827679,-3.0637971271154,0.00219440637401722,0.0911129550636465,"49"
"101","chrVIII","YHR044C","chrVIII","YHR044C",435.500721638394,-0.734358745195365,0.224702514640078,-3.26813763687353,0.00108819242816191,0.0190253943446206,"4","YHR044C","chrVIII",435.500721638394,-0.712815142559533,0.226417627348239,-3.1482316589388,0.00165003638039035,0.0787600042356399,"49"
"102","chrVIII","YHR088W","chrVIII","YHR088W",427.194314629722,-0.606390771074969,0.240913242095562,-2.51705039457496,0.011858012230043,0.0874555409514693,"4","YHR088W","chrVIII",427.194314629722,-0.747221304725584,0.242777757434916,-3.0777996823943,0.002094020650844,0.0875445047270092,"49"
"103","chrVIII","YHR170W","chrVIII","YHR170W",794.756964495598,-0.744124292352515,0.205442249134846,-3.62206067878518,0.000294490178402832,0.00802476738996039,"4","YHR170W","chrVIII",794.756964495598,-0.924049547780785,0.206945145612996,-4.46519073952491,8.13473825152459e-06,0.00170044080278421,"49"
"104","chrIX","YIL009C-A","chrIX","YIL009C-A",221.199359610115,-0.902263072682344,0.217443713613248,-4.14940978375276,3.37579430559894e-05,0.00200549739257113,"4","YIL009C-A","chrIX",221.199359610115,-0.68088887458279,0.219217326177875,-3.10599935896632,0.00190452431611328,0.0836610609005701,"49"
"105","chrIX","YIL137C","chrIX","YIL137C",932.247454049789,0.628459294242962,0.224511185336348,2.79923378116527,0.00513748063988355,0.0537957055492842,"4","YIL137C","chrIX",932.247454049789,0.696301316186075,0.224876114698067,3.09637738592635,0.00196733551087252,0.0847706901121401,"49"
"106","chrIX","YIL158W","chrIX","YIL158W",382.025955760682,-1.01259788616553,0.338189749576673,-2.99417083880586,0.00276226197802037,0.0361390769349092,"4","YIL158W","chrIX",382.025955760682,-1.3272155281076,0.340488610768407,-3.8979733422283,9.79751097168749e-05,0.0138122119791557,"49"
"107","chrIX","YIL165C","chrIX","YIL165C",405.037394283392,-0.593873471245868,0.240579207524736,-2.46851536903831,0.0135929791823642,0.0938045896377345,"4","YIL165C","chrIX",405.037394283392,-0.839594557303797,0.243538738970892,-3.44747846216017,0.000569425353488788,0.0410935296767742,"49"
"108","chrIX","YIR003W","chrIX","YIR003W",1190.95099074212,0.834443238761789,0.194900786279137,4.28137440947364,1.88409459594172e-05,0.00129364535094461,"4","YIR003W","chrIX",1190.95099074212,0.588280948440584,0.195640855368744,3.0069432447113,0.00264896480348541,0.0997392834703639,"49"
"109","chrX","YJL012C","chrX","YJL012C",1177.53406111605,0.49548931707711,0.17072221795333,2.90231302648939,0.00371661090756008,0.0446146571212676,"4","YJL012C","chrX",1177.53406111605,0.529390440112069,0.171203749878726,3.09216614990657,0.00199541981537383,0.0851847529633532,"49"
"110","chrX","YJL088W","chrX","YJL088W",1119.38609468769,-0.753482509886643,0.224089246802708,-3.36242153801348,0.000777074485099195,0.0152842150413767,"4","YJL088W","chrX",1119.38609468769,-0.908633294473798,0.225116708958094,-4.03627655485555,5.49287244546914e-05,0.008999403449847,"49"
"111","chrXI","YKL182W","chrXI","YKL182W",7124.45512024445,0.877964480937954,0.25756172104481,3.40875374405969,0.000656562048990071,0.0139000154517098,"4","YKL182W","chrXI",7124.45512024445,0.907078716489097,0.257598223329268,3.5212925957554,0.000432389194206688,0.0344887275694861,"49"
"112","chrXII","YLR009W","chrXII","YLR009W",622.647359601729,-0.53643217765677,0.195208578780826,-2.7479948934983,0.00601260569540502,0.0597361610215837,"4","YLR009W","chrXII",622.647359601729,-0.765176182110477,0.19729117222907,-3.87841064283429,0.000106176948997479,0.0146282878368799,"49"
"113","chrXII","YLR068W","chrXII","YLR068W",207.752485971671,-0.871438836889365,0.310943175612347,-2.80256620899694,0.00508476730058428,0.0536295565652204,"4","YLR068W","chrXII",207.752485971671,-1.06652130691043,0.314799304412263,-3.38794048132238,0.000708370494548235,0.0482487858196787,"49"
"114","chrXII","YLR073C","chrXII","YLR073C",127.14770703557,-1.22670775693543,0.325156150256602,-3.77267277880905,0.000162941239104188,0.00545197640267002,"4","YLR073C","chrXII",127.14770703557,-1.10728403062489,0.328997364104803,-3.36563192120945,0.000768103229058911,0.0497614711495858,"49"
"115","chrXII","YLR264C-A","chrXII","YLR264C-A",391.519281546732,-1.89806261037927,0.392029381595743,-4.8416335598451,1.31748113445043e-06,0.00026449569533691,"4","YLR264C-A","chrXII",391.519281546732,-2.08270437968277,0.396340650444556,-5.25483413661128,1.52865701420196e-07,6.61908487149448e-05,"49"
"116","chrXII","YLR264W","chrXII","YLR264W",337.159962264207,-2.33158460208225,0.503101553349963,-4.63442139376655,3.64909663372364e-06,0.000505834300036644,"4","YLR264W","chrXII",337.159962264207,-2.39979032844002,0.507422809929465,-4.72937022435708,2.29962832018812e-06,0.000606102038129581,"49"
"117","chrXII","YLR325C","chrXII","YLR325C",2565.69593697597,-0.933252731353443,0.324696196243345,-2.87423364409853,0.0040632104090651,0.0469365297650338,"4","YLR325C","chrXII",2565.69593697597,-1.08753003650454,0.325032411099361,-3.34591259015116,0.000824764255007293,0.0505022314530728,"49"
"118","chrXII","YLR388W","chrXII","YLR388W",1056.24099678278,-0.967706832274778,0.384149110521218,-2.51909169062446,0.0117895538129054,0.0873488865317727,"4","YLR388W","chrXII",1056.24099678278,-1.2809561105769,0.385122243849701,-3.32610263632762,0.000885570836393658,0.0521197127205665,"49"
"119","chrXII","YLR406C","chrXII","YLR406C",831.024257660767,-1.18860416992594,0.43669407213284,-2.72182345897375,0.00650955448584178,0.0620081668707415,"4","YLR406C","chrXII",831.024257660767,-1.39105677056567,0.437631577532075,-3.17860237236586,0.00148679674239666,0.0751080154367378,"49"
"120","chrXIII","YML057W","chrXIII","YML057W",1097.92277387798,0.750969144107383,0.166679334603264,4.50547241441097,6.73823213227183e-06,0.000713272499528847,"4","YML057W","chrXIII",1097.92277387798,0.577888317235327,0.167428706432314,3.45154859969577,0.000560921197177857,0.0409675216541225,"49"
"121","chrXIII","YMR272C","chrXIII","YMR272C",5114.6868925889,0.427224687961744,0.17545980992776,2.43488630323742,0.0149231446215297,0.0994207291631762,"4","YMR272C","chrXIII",5114.6868925889,0.546166395354477,0.175541451014164,3.1113243749501,0.00187056025809684,0.0827688779896572,"49"
"122","chrXIV","YNL179C","chrXIV","YNL179C",51.9419748846646,-1.30867560534731,0.411649931969635,-3.17909831561405,0.00148425911786398,0.0231671758289654,"4","YNL179C","chrXIV",51.9419748846646,-1.307616658872,0.423679480058441,-3.08633464781355,0.00203491740043752,0.0862634215486171,"49"
"123","chrXIV","YNL188W","chrXIV","YNL188W",105.258396181968,-0.676819077943399,0.248945372733662,-2.7187453637369,0.00657036717194384,0.0620081668707415,"4","YNL188W","chrXIV",105.258396181968,-1.02423465066087,0.261068135220421,-3.92324651109221,8.82626902632832e-05,0.0127392482946672,"49"
"124","chrXIV","YNR016C","chrXIV","YNR016C",4591.45732308735,0.856575144605321,0.263665307148215,3.24872147143655,0.00116513117338657,0.0198344844779433,"4","YNR016C","chrXIV",4591.45732308735,1.05284721659363,0.263700589502791,3.99258575257181,6.60755032649974e-05,0.00976950489737596,"49"
"125","chrXIV","YNR053C","chrXIV","YNR053C",503.900432612256,-0.688898331187659,0.278273044391503,-2.47562006120308,0.0133257527699565,0.0931362936694917,"4","YNR053C","chrXIV",503.900432612256,-0.976063988223978,0.280679703402612,-3.47750113881193,0.000509418169739108,0.0386011618119809,"49"
"126","chrXV","YOR101W","chrXV","YOR101W",248.316273502906,-0.842001840522383,0.234307297823152,-3.59357923694677,0.000328576583730839,0.00865598583928029,"4","YOR101W","chrXV",248.316273502906,-1.23484439609564,0.241699578152297,-5.10900517715242,3.3307615887599e-07,0.000134607178340417,"49"
"127","chrXV","YOR250C","chrXV","YOR250C",280.947770679384,0.576199473490864,0.160057276659407,3.59995799951655,0.000320636112434257,0.00860250436217623,"4","YOR250C","chrXV",280.947770679384,0.624961421787426,0.162245973090091,3.85193795497408,0.000118311647082697,0.0152596852045811,"49"
"128","chrXV","YOR302W","chrXV","YOR302W",474.145645414831,-2.10468935745069,0.414802979343362,-5.07394947061961,4.00436916186773e-07,0.000116567186301969,"4","YOR302W","chrXV",474.145645414831,-1.44265604723466,0.414309081105884,-3.48207681903542,0.000500808216874774,0.0384291064644921,"49"
"129","chrXV","YOR303W","chrXV","YOR303W",9939.16899143204,-1.44967111828568,0.302508283865122,-4.79216998544091,1.68645898618458e-06,0.00029753224901717,"4","YOR303W","chrXV",9939.16899143204,-0.972198332396873,0.302501639950619,-3.21386136139816,0.00131601401211463,0.070393625752739,"49"
"130","chrXV","YOR315W","chrXV","YOR315W",57.9254385399942,-1.23179179932951,0.395468496580891,-3.11476592947159,0.00184890633041194,0.0274600322848427,"4","YOR315W","chrXV",57.9254385399942,-1.2737500853749,0.406347115841645,-3.13463547719947,0.00172832941230779,0.0800710122677953,"49"
"131","chrXVI","YPL081W","chrXVI","YPL081W",183.084107900379,-0.856851857526157,0.312925016904524,-2.73820184145772,0.00619440897146858,0.0602005084794253,"4","YPL081W","chrXVI",183.084107900379,-0.959131312016592,0.317011001445159,-3.02554582536314,0.00249153908666758,0.0968186534831977,"49"
"132","chrXVI","YPL231W","chrXVI","YPL231W",6172.00594923241,0.917996829601632,0.271402549345798,3.3824178579546,0.000722741746480422,0.0146604984522587,"4","YPL231W","chrXVI",6172.00594923241,0.877371667841989,0.271453637987406,3.23212344600331,0.00123485711290514,0.0680518528948267,"49"
"133","chrXVI","YPR023C","chrXVI","YPR023C",2211.65871568874,0.774190122370223,0.180624753129402,4.28617954603146,1.84393249653985e-05,0.00129341867407891,"4","YPR023C","chrXVI",2211.65871568874,0.565986409778626,0.180986943788736,3.12722231742472,0.00177244345938982,0.0813981231122811,"49"
"134","chrXVI","YPR159W","chrXVI","YPR159W",2200.37235822178,0.582387605191229,0.205580076825209,2.83289905415491,0.00462697175140339,0.050523516876221,"4","YPR159W","chrXVI",2200.37235822178,0.665522532152755,0.205756477221731,3.23451558434082,0.00122457580240277,0.0680518528948267,"49"
