"","GenAll$TXCHROM","chr.x","GENEID","baseMean.x","log2FoldChange.x","lfcSE.x","stat.x","pvalue.x","padj.x","Sample.x","chr.y","baseMean.y","log2FoldChange.y","lfcSE.y","stat.y","pvalue.y","padj.y","Sample.y"
"1","chrXII","chrXII","YLL007C",480.830837155414,0.296924983892882,0.230742808384095,1.28682226749455,0.198156243748998,0.428553777258204,"18","chrXII",485.742807576455,0.269510353933785,0.214690962071692,1.2553409390554,0.209355019552008,0.540192965958674,"77"
"2","chrXII","chrXII","YLL016W",1019.60386323436,-0.138973594715152,0.228019623056338,-0.609480854552657,0.542205759195399,0.752752049348317,"18","chrXII",1054.83435839059,0.282133568201313,0.204584120127494,1.37905898085096,0.167876569567183,0.479267447200742,"77"
"3","chrXII","chrXII","YLL017W",128.772953590116,-0.32191057499236,0.306605237892862,-1.04991870721023,0.293755489868003,0.533168088299571,"18","chrXII",129.690072501901,0.130919013130233,0.238090401523471,0.549871025007812,0.58240783907616,0.839596143204236,"77"
"4","chrXII","chrXII","YLL018C",4979.77443833007,0.408614317808668,0.289973140684931,1.40914540168617,0.158792178205113,0.373428474594379,"18","chrXII",5241.70198419538,0.215114756002889,0.200575934397212,1.07248537392769,0.283502079881931,0.626196597653764,"77"
"5","chrXII","chrXII","YLL018C-A",388.665329574496,-0.216067265594836,0.328965063581039,-0.656809155485317,0.511303636528303,0.730050906212933,"18","chrXII",530.748719203192,0.223403677188822,0.216032871570827,1.0341189077588,0.301080578019624,0.643342637678863,"77"
"6","chrXII","chrXII","YLL019C",2570.96850483789,0.41347242826625,0.332126029395563,1.24492629806441,0.213158843118624,0.44591468155318,"18","chrXII",2627.86301502153,0.317752652718988,0.243959634740881,1.30248044130942,0.192752199767769,0.51674977931983,"77"
"7","chrXII","chrXII","YLL021W",985.944655237575,0.374998228196118,0.291114298451072,1.28814774880988,0.197694536605434,0.427727502647535,"18","chrXII",1043.40280059443,0.289527911628728,0.184613102411532,1.56829557516087,0.116812168111358,0.403028746382765,"77"
"8","chrXII","chrXII","YLL023C",1704.76901599,0.00103165052647501,0.248179266967099,0.00415687635426765,0.996683302087647,0.998003035201963,"18","chrXII",2013.6621171138,0.0307195793820818,0.191142642702691,0.160715468551222,0.872317505671031,0.963020985827282,"77"
"9","chrXII","chrXII","YLL024C",3680.22373608297,0.918760530634564,1.15929464214743,0.792516843632337,0.428059374464316,0.661109819060505,"18","chrXII",4320.01115787586,0.218681553797087,1.01431702063023,0.215594877488314,0.829303549077915,0.952660672781439,"77"
"10","chrXII","chrXII","YLL026W",12960.3685162397,1.36443057967143,0.892158051630331,1.5293597106231,0.126175294572058,0.324813677781376,"18","chrXII",12258.3247917812,0.297351206330035,0.400278528755564,0.742860745627494,0.457565993607621,0.76549009711996,"77"
"11","chrXII","chrXII","YLL029W",3098.57551064172,0.245844120954673,0.257015179975289,0.956535411559388,0.338801802562453,0.58201991562381,"18","chrXII",3359.02666096597,0.194670901953417,0.218589260584734,0.890578528115544,0.373155322600894,0.705761268575219,"77"
"12","chrXII","chrXII","YLL033W",201.155787308929,0.496047813126563,0.310809714174371,1.59598555162362,0.110492019182407,0.298461842560123,"18","chrXII",224.084102614175,0.417705814666679,0.26779228230884,1.55981274391226,0.118804138998918,0.405472647884517,"77"
"13","chrXII","chrXII","YLL034C",184.628888889837,0.656206862509399,0.387573630523059,1.6931153484921,0.0904335133163235,0.261230751214985,"18","chrXII",221.734001387824,0.318485567612313,0.290931885527082,1.09470836115234,0.273644424402892,0.615571027812276,"77"
"14","chrXII","chrXII","YLL038C",187.306029435941,0.721828764861325,0.352975339665958,2.04498355478441,0.0408564794363099,0.151205578616805,"18","chrXII",190.536160553043,0.563822223660517,0.282369257121938,1.99675499169882,0.0458518050695561,0.239414985909916,"77"
"15","chrXII","chrXII","YLL040C",2104.42373158013,0.404438994055526,0.323643328251626,1.2496441568574,0.211429565094104,0.444027576732797,"18","chrXII",2223.95186788233,0.153352731716548,0.261039197501657,0.587470131628698,0.55688800467907,0.824896602220075,"77"
"16","chrXII","chrXII","YLL041C",31861.7538343792,-0.182848009230181,0.201283272333995,-0.908411350381745,0.3636609311407,0.601805608698169,"18","chrXII",43494.6377100151,0.145003380563805,0.16514441309808,0.8780398794217,0.379922077287037,0.71181242313973,"77"
"17","chrXII","chrXII","YLL042C",59.3969967978977,0.578783467355682,0.448624051873151,1.29013026595224,0.197005432975576,0.426752390108448,"18","chrXII",87.1479433399539,0.670394666442972,0.324444854426601,2.06628231977288,0.0388018298470238,0.214639429064675,"77"
"18","chrXII","chrXII","YLL043W",979.181267364485,0.265974658685448,0.281853946448682,0.943661289957758,0.345342761337027,0.587980541654989,"18","chrXII",1165.61014778046,0.512153137605103,0.23742573535688,2.15710877692039,0.0309971899069609,0.186682182228098,"77"
"19","chrXII","chrXII","YLL048C",2694.58539917841,0.204141620104789,0.216215503382456,0.944158105738096,0.345088860145533,0.587734595300194,"18","chrXII",2894.00019257906,-0.00318485880811766,0.178625374036313,-0.0178298230321422,0.985774613199349,0.998266703490297,"77"
"20","chrXII","chrXII","YLL059C",64.0269767661494,0.351120499544491,0.402380488463804,0.872608164687579,0.38287668876066,0.620381041495783,"18","chrXII",76.2809776734965,0.627470735713977,0.311409647650182,2.01493672546342,0.0439112793277566,0.232763109681381,"77"
"21","chrXII","chrXII","YLL060C",652.465474842202,0.0490899592209777,0.2354182417961,0.20852232540032,0.834821152595632,0.920982483878954,"18","chrXII",946.786781660975,0.399270866002632,0.173762231170201,2.29780006456951,0.0215731711009416,0.149912073309653,"77"
"22","chrXII","chrXII","YLL061W",1107.5858922163,0.0152177505555902,0.363380464915494,0.0418782846764455,0.966595727526247,0.988318386188312,"18","chrXII",1145.06160783371,0.27077414465653,0.310644265626668,0.871653446138117,0.383397464315368,0.715621845614318,"77"
"23","chrXII","chrXII","YLL062C",392.78603103858,0.50072811352326,0.273534945925167,1.83058187256354,0.0671629762788778,0.215967175220104,"18","chrXII",397.579612530038,0.433095955824805,0.206265573268787,2.09970063816919,0.0357551834241814,0.204781045935679,"77"
"24","chrXII","chrXII","YLL063C",522.175759381405,0.572372906004334,0.333839313420582,1.71451618486658,0.0864339672076229,0.254050576849992,"18","chrXII",670.831511938129,0.481269211188787,0.291380987139854,1.65168364591267,0.0985990582555104,0.369051909826014,"77"
"25","chrXII","chrXII","YLR003C",412.339265088069,0.0876933181972689,0.354150058770405,0.247616274586362,0.804431317506323,0.906758223133702,"18","chrXII",495.809672919171,0.515202272153354,0.313646765586573,1.64261943269155,0.100461697559469,0.372448244369443,"77"
"26","chrXII","chrXII","YLR005W",1710.06513163057,-0.268561107475025,0.217160581010681,-1.23669363116051,0.216200844037571,0.449129026105128,"18","chrXII",2244.17158610785,0.329148462827077,0.184563494972117,1.78338876209948,0.0745230413053793,0.317832237994774,"77"
"27","chrXII","chrXII","YLR007W",841.274058786498,-0.111055032847918,0.224260196017802,-0.495206170421356,0.620454595460184,0.803866127512442,"18","chrXII",1264.66248229115,0.383441142954533,0.170700511254967,2.2462799914044,0.0246860793434184,0.160747232274683,"77"
"28","chrXII","chrXII","YLR010C",227.108333606197,-0.191918333060409,0.297401956343078,-0.645316310021228,0.518722225279806,0.735941439828946,"18","chrXII",273.351690491767,0.383409060003557,0.216232596967907,1.7731325682615,0.0762067424412639,0.320187208389264,"77"
"29","chrXII","chrXII","YLR011W",197.494515070549,-0.341926607416116,0.286115493576774,-1.19506498282088,0.232061642023618,0.46735364337212,"18","chrXII",293.141814999901,0.330573539515753,0.203457346642705,1.62478054968582,0.104209326881296,0.379542052989441,"77"
"30","chrXII","chrXII","YLR015W",407.187530066352,0.0292539429569152,0.257672703666923,0.113531400651308,0.909609269889641,0.96036051246435,"18","chrXII",463.26009413032,0.308370408813737,0.199347960909153,1.54689522484891,0.121888512714361,0.409249471475442,"77"
"31","chrXII","chrXII","YLR019W",913.960382448284,0.444038618618538,0.255619481236811,1.73710789361618,0.0823681283161277,0.245458850753388,"18","chrXII",1041.38101211727,0.382370070096294,0.215494603958505,1.77438350228909,0.0759997368556007,0.320187208389264,"77"
"32","chrXII","chrXII","YLR024C",530.820211684416,0.408018517167101,0.238882128969522,1.70803282324714,0.0876302522478041,0.256443844452702,"18","chrXII",536.929187893129,0.313972337004454,0.183135995548933,1.71442176653121,0.0864512937921273,0.343530141121348,"77"
"33","chrXII","chrXII","YLR025W",2189.41348755116,-0.0261954993780915,0.228739195544559,-0.114521253411458,0.908824599447756,0.96036051246435,"18","chrXII",2769.68430901819,0.272605362567429,0.173381399733336,1.57228724065385,0.115883950772057,0.400628354417164,"77"
"34","chrXII","chrXII","YLR028C",4176.44149711291,0.0114506462073345,0.213619810868942,0.0536029226912834,0.957251527891045,0.985136202524897,"18","chrXII",4805.88428869254,0.190030397038613,0.141512365258092,1.34285365587688,0.179319365363976,0.497234170381057,"77"
"35","chrXII","chrXII","YLR034C",820.597326184836,-0.0446984568525482,0.235207235408,-0.190038613289308,0.849278872806774,0.92941522678779,"18","chrXII",1033.62976016636,0.333909421400696,0.173281493613086,1.92697681926882,0.0539825188702342,0.26419485619341,"77"
"36","chrXII","chrXII","YLR035C",206.473259513086,0.370275355385115,0.275038046142378,1.34626958189426,0.178215591951301,0.401398196912052,"18","chrXII",211.765658850022,0.33318010007987,0.21593803910899,1.54294306577316,0.122844590501587,0.410240721537577,"77"
"37","chrXII","chrXII","YLR036C",128.736547197341,0.0978570820850841,0.413646028429422,0.236572033476639,0.812988818425155,0.911239815266767,"18","chrXII",173.882092789288,0.786339223434059,0.314760571012536,2.4982138674629,0.0124820863621308,0.100631192648232,"77"
"38","chrXII","chrXII","YLR037C",130.935458976309,0.214511823824881,0.313475227341235,0.684302315191795,0.493784285330147,0.715108309660973,"18","chrXII",158.519403659105,0.388236733348277,0.276251994070871,1.40537169570142,0.159910778823341,0.46720742529473,"77"
"39","chrXII","chrXII","YLR038C",13298.6495337736,-0.0362696590229808,0.245733447709331,-0.147597567042981,0.882660375289142,0.947097999449574,"18","chrXII",16904.9581081344,0.369220221451467,0.213406133685028,1.73012937855108,0.0836071623631856,0.33814662358948,"77"
"40","chrXII","chrXII","YLR043C",2101.25824788587,0.104431076207456,0.25147882560911,0.415267869787893,0.677945819435347,0.834227555079701,"18","chrXII",2575.32051094639,0.462158114539551,0.217127828478121,2.12850705401919,0.0332950657231328,0.194377776588446,"77"
"41","chrXII","chrXII","YLR049C",803.686318588692,0.169115855307184,0.301333492290895,0.561224887487536,0.574644238948204,0.773005902593151,"18","chrXII",893.792177425245,0.446726772353603,0.232043273154553,1.92518734234567,0.054205925050838,0.264959320436598,"77"
"42","chrXII","chrXII","YLR052W",349.079473685322,0.321738680840645,0.268441095853875,1.19854480483786,0.230704991195004,0.46551637760249,"18","chrXII",349.671116425715,-0.0759697133277918,0.187262642518693,-0.405685364181531,0.684973797455003,0.895279639857006,"77"
"43","chrXII","chrXII","YLR055C",275.48343384203,0.708721758533431,0.332728256998202,2.13003177105352,0.0331689904676194,0.130580985240527,"18","chrXII",317.047478083073,0.295612159841918,0.334243978845512,0.884420299396181,0.376469368926768,0.707955019923882,"77"
"44","chrXII","chrXII","YLR068W",306.906084971515,-0.415734544200981,0.45007410896743,-0.923702421262954,0.35564127114182,0.594580830022283,"18","chrXII",348.498704909121,0.080856044363984,0.409114849573845,0.197636542521514,0.843329441895653,0.955135129104199,"77"
"45","chrXII","chrXII","YLR072W",533.710837558323,0.18000073446536,0.267405701768472,0.673137234078912,0.500859987816144,0.721464091891817,"18","chrXII",601.698442623871,0.202690212810673,0.202530528007733,1.00078844806514,0.316929095584948,0.659472200012329,"77"
"46","chrXII","chrXII","YLR073C",163.564787391517,-0.0326269463383256,0.297755951303456,-0.109576135071349,0.912745538119979,0.961067360726331,"18","chrXII",212.107532951676,0.131147982101795,0.221339304970334,0.592520077350799,0.553502380319995,0.823576818648807,"77"
"47","chrXII","chrXII","YLR075W",4960.67296345511,0.4601910603531,0.305858514915501,1.50458802979618,0.132430025665834,0.334029703065068,"18","chrXII",5799.59204034396,0.564547157151286,0.242070753729634,2.33215763760468,0.0196923998192422,0.141415729807335,"77"
"48","chrXII","chrXII","YLR078C",488.599211224469,0.452097923987267,0.304442985567626,1.48500029699926,0.137543745431707,0.341474763277054,"18","chrXII",617.385868378772,0.603250106510303,0.243256477378417,2.47989329209873,0.0131421706170096,0.104743662249976,"77"
"49","chrXII","chrXII","YLR079W",1085.74131461195,0.0632794914683016,0.276697653912088,0.228695439132299,0.819105639902963,0.913866113157011,"18","chrXII",1233.47389912551,0.249221789148888,0.181017843215712,1.3767802373598,0.168580202689242,0.480294539737274,"77"
"50","chrXII","chrXII","YLR080W",507.446990156173,-0.450919048987169,0.363653257984731,-1.23996977639095,0.214986573302809,0.447815706209877,"18","chrXII",745.094677133312,0.233254256277822,0.288073583352023,0.809703734593353,0.418110471099459,0.740406720137139,"77"
"51","chrXII","chrXII","YLR082C",362.408548148423,0.278501989843775,0.295838143868234,0.941399868868225,0.346499980777263,0.588827345909094,"18","chrXII",413.876147399111,0.529855077089817,0.232484076972008,2.27910265507608,0.0226609637329025,0.153091661881168,"77"
"52","chrXII","chrXII","YLR086W",929.978496809868,0.292278327608812,0.221998829733827,1.31657598357275,0.187980793428264,0.415837841838423,"18","chrXII",934.183728668725,0.234582704876094,0.166179857040147,1.41161936864239,0.158062066268752,0.466288084853289,"77"
"53","chrXII","chrXII","YLR087C",655.627817329934,0.452908255359748,0.300350335002463,1.50793324520858,0.131571612907837,0.333063064008901,"18","chrXII",648.708358247111,0.157415141502718,0.210213596729747,0.74883425216825,0.453957112228368,0.764781963896987,"77"
"54","chrXII","chrXII","YLR089C",2318.29084621296,0.299216851284708,0.198536091999278,1.50711564971167,0.131781016073205,0.333063064008901,"18","chrXII",2609.92592934584,0.289002773290133,0.144935584641585,1.99400840038569,0.0461511365014583,0.240080446586264,"77"
"55","chrXII","chrXII","YLR091W",264.507294774525,0.220906444521861,0.297173252589616,0.743359109868894,0.457264293447024,0.683801134973986,"18","chrXII",317.676608197659,0.340742182756178,0.198092796715271,1.72011394864572,0.085411730716003,0.341585783471946,"77"
"56","chrXII","chrXII","YLR093C",2559.22083911319,-0.38878349592167,0.26667548778418,-1.45788988388881,0.14487089744035,0.351390735761541,"18","chrXII",3272.88292107562,0.270279210923698,0.219869962705369,1.22926846213131,0.218971167705682,0.552570873519262,"77"
"57","chrXII","chrXII","YLR097C",1042.38914378662,0.313356902399444,0.244537066354998,1.28142905723969,0.200043003381905,0.430380980833666,"18","chrXII",1145.72669039752,0.380934838874886,0.186311197616809,2.04461591008804,0.0408927397068041,0.222244880099139,"77"
"58","chrXII","chrXII","YLR106C",1715.88440688579,0.515979874799119,0.315431048536635,1.63579291636914,0.101882935057932,0.282479040997444,"18","chrXII",1757.47017296653,-0.0607589144763669,0.230289523026218,-0.263837076380803,0.791905463674089,0.941757306417014,"77"
"59","chrXII","chrXII","YLR109W",816.396205480144,0.662673112916727,0.488162815972153,1.3574837968702,0.174627538433296,0.397183346627191,"18","chrXII",818.679855938184,-0.341198452700965,0.339293256309688,-1.00561519085878,0.314600713648122,0.655848577295543,"77"
"60","chrXII","chrXII","YLR110C",50773.8933463775,0.240181020734933,0.368981690555481,0.650929373686141,0.515092078962491,0.732920806957195,"18","chrXII",65473.0936099497,0.559454574531904,0.241918368103952,2.3125758449706,0.0207459708593942,0.146695640997635,"77"
"61","chrXII","chrXII","YLR116W",282.160218753477,0.698979104485542,0.394477725659183,1.77191019674819,0.0764094655130312,0.233799903022779,"18","chrXII",283.311382119263,0.177772721605783,0.287003369168687,0.619409877036311,0.535646376027894,0.814823588327985,"77"
"62","chrXII","chrXII","YLR117C",1355.882327163,-0.279480664614774,0.212551604187953,-1.31488381695599,0.188548952342369,0.416669907028197,"18","chrXII",1457.01125044821,0.312394029718895,0.154647089952674,2.0200446695408,0.0433787543000227,0.231477650691716,"77"
"63","chrXII","chrXII","YLR119W",187.232208034757,0.515274428208099,0.274336202333609,1.87825895315667,0.0603457488399679,0.200915244070584,"18","chrXII",193.450293090687,0.138539852527392,0.221022820445171,0.626812436147333,0.530782190630754,0.811738896689412,"77"
"64","chrXII","chrXII","YLR126C",350.5527902063,-0.199901830195405,0.271024034397801,-0.737579715539157,0.460769885535674,0.686361798981018,"18","chrXII",434.25552524163,0.393379859579968,0.221372667897575,1.77700284012467,0.0755677725434677,0.319362439637182,"77"
"65","chrXII","chrXII","YLR128W",257.321034817242,0.0147401214028221,0.284392802963317,0.0518301491782946,0.95866403225968,0.985991730609236,"18","chrXII",334.777980140456,0.447322486605084,0.199125168376123,2.24643871115351,0.0246759211201987,0.160747232274683,"77"
"66","chrXII","chrXII","YLR129W",815.549303640471,0.498304462000108,0.296592205082396,1.68009965690661,0.0929379276504693,0.266652509802541,"18","chrXII",915.554699399019,0.340810275594632,0.219983526546664,1.54925362341774,0.121320763467284,0.408961775409644,"77"
"67","chrXII","chrXII","YLR131C",514.019693703231,0.148483558579241,0.290117886058653,0.51180422067884,0.608788036139997,0.794264274555827,"18","chrXII",546.360766823666,0.138084305159932,0.179512264929252,0.76921933559444,0.441763113784293,0.757304209664455,"77"
"68","chrXII","chrXII","YLR132C",103.968875634341,0.329678832687173,0.311896277177226,1.0570143243481,0.290505050047237,0.532064160557183,"18","chrXII",115.386418544655,0.106480656146591,0.292846551324686,0.363605634640149,0.716152518564246,0.909166025697144,"77"
"69","chrXII","chrXII","YLR137W",128.172619620156,0.0735699597524785,0.400472433196152,0.183707925075691,0.854242591414714,0.932374535751426,"18","chrXII",169.886659472764,0.347271038021084,0.350980408318359,0.989431403550277,0.322452116214856,0.663529137417162,"77"
"70","chrXII","chrXII","YLR138W",983.175538912014,0.685354602088262,0.339214269458382,2.02041795936992,0.0433400520970426,0.157360432563299,"18","chrXII",1184.60602886111,0.56487624807771,0.339478371452002,1.66395356988914,0.0961217083332665,0.362614439201864,"77"
"71","chrXII","chrXII","YLR141W",100.838156700969,-0.599410630030229,0.406822681520408,-1.47339530772981,0.140644474786933,0.34629107272161,"18","chrXII",173.593894866059,0.161296149033018,0.306555004416541,0.526157285672138,0.598778929203058,0.851977371455353,"77"
"72","chrXII","chrXII","YLR147C",256.371771393656,0.297312378468562,0.294934378449299,1.00806281055388,0.313424309724017,0.553465486096011,"18","chrXII",380.485473778341,0.528431304644436,0.236966552670958,2.22998266501431,0.0257485937317269,0.163846689270112,"77"
"73","chrXII","chrXII","YLR148W",645.952076545801,0.438853654581459,0.238833734383151,1.83748604741667,0.0661381743655981,0.213248940152309,"18","chrXII",647.196322033503,0.37554579803777,0.189811729146964,1.97851734308262,0.0478703740507707,0.245368605340969,"77"
"74","chrXII","chrXII","YLR154C",710.957059106214,-0.345102208029323,0.261410653507321,-1.32015357216365,0.186783749418395,0.414474683626769,"18","chrXII",1005.28117380523,0.375245183594301,0.196071058163346,1.91382240249699,0.0556428520162739,0.26887418007402,"77"
"75","chrXII","chrXII","YLR165C",301.098981144052,0.0927909443676196,0.297996162903648,0.311383017363288,0.755509462812351,0.8807423135538,"18","chrXII",417.369811456427,0.502742157581871,0.226996012448334,2.21476206634378,0.0267764001996359,0.168089604399287,"77"
"76","chrXII","chrXII","YLR169W",180.126234030825,0.304360952419092,0.333021138486531,0.913938838244052,0.360748984393317,0.59893695932645,"18","chrXII",208.041208835796,0.613837194242898,0.258704581266937,2.37273414810358,0.0176569676942499,0.130834852132326,"77"
"77","chrXII","chrXII","YLR173W",783.263972983431,0.119173908115018,0.223121437890358,0.53412128050905,0.593257627459866,0.784813128652363,"18","chrXII",945.727006394782,0.220540252405002,0.170435077046542,1.29398393937874,0.195670968441324,0.520773749977113,"77"
"78","chrXII","chrXII","YLR174W",24541.0156238646,-0.149681662166412,0.232981143794895,-0.642462560395808,0.520572891020011,0.737398160057362,"18","chrXII",27677.609473316,-0.0034442736453199,0.159951294421969,-0.0215332652215588,0.982820267800335,0.997637163368674,"77"
"79","chrXII","chrXII","YLR178C",4975.20095426946,-0.530325787356886,0.302229901106516,-1.75470985966402,0.079308948676727,0.239347400211608,"18","chrXII",5702.35990291687,-0.16599903434333,0.173108130497972,-0.958932627056908,0.337592686874403,0.678526077545033,"77"
"80","chrXII","chrXII","YLR190W",2026.52420473576,-0.0636416196939268,0.246721471960792,-0.257949254226403,0.796446071364459,0.903782904958239,"18","chrXII",2042.24696595865,0.15939880421247,0.230657919417934,0.69106148453395,0.48952690318952,0.784196618188542,"77"
"81","chrXII","chrXII","YLR199C",578.491597418688,0.379096722160617,0.225229509192232,1.68315743136953,0.0923446190258383,0.265893085345175,"18","chrXII",612.068995465222,0.405645699672066,0.177450896267565,2.28596027523255,0.0222565826546427,0.15164332596523,"77"
"82","chrXII","chrXII","YLR200W",304.975921498251,-0.22705582151553,0.306914301375049,-0.739802024533448,0.459420130398656,0.685301694511329,"18","chrXII",420.223389556423,0.363331725193289,0.255289111765486,1.42321669216763,0.154673348174223,0.461976232516127,"77"
"83","chrXII","chrXII","YLR201C",1585.63593575764,0.0985586536852581,0.22996749203055,0.428576460155355,0.668231479442879,0.828730495290592,"18","chrXII",1855.03222093915,0.30568373757421,0.190842117465102,1.60176244968623,0.109208149575534,0.387886796998417,"77"
"84","chrXII","chrXII","YLR205C",3176.22416096725,0.0270855499017803,0.240938262522795,0.112416971958606,0.910492798948855,0.96036051246435,"18","chrXII",3698.91227787398,-0.0313974045216623,0.215777155818312,-0.145508473325598,0.884309426204223,0.964593866865752,"77"
"85","chrXII","chrXII","YLR206W",3080.97286666324,0.316806454275589,0.260744256540268,1.21500837057426,0.224362898852353,0.459445680401617,"18","chrXII",3608.22807544309,0.149727729394127,0.179258270310906,0.835262602581397,0.403569868724483,0.731516289304099,"77"
"86","chrXII","chrXII","YLR210W",221.656343810975,0.526815754746737,0.283216445331407,1.86011710630109,0.0628689594742157,0.206487041208892,"18","chrXII",231.59518272044,0.30118987803954,0.212066907601651,1.42025873553689,0.155532369662975,0.461976232516127,"77"
"87","chrXII","chrXII","YLR211C",396.163634123257,-0.148398825798968,0.339144641852708,-0.437567950324329,0.661699508437075,0.825753434191066,"18","chrXII",419.028332966849,0.0357224100930248,0.266400166716903,0.13409304706249,0.893328997630197,0.968463960159218,"77"
"88","chrXII","chrXII","YLR216C",1920.57314152386,0.0870271579402899,0.338457371131761,0.257128859830358,0.797079299419408,0.903782904958239,"18","chrXII",2241.75652207479,-0.0517036990041233,0.215393230759409,-0.240043286512916,0.810296699635493,0.948907764744038,"77"
"89","chrXII","chrXII","YLR219W",1557.38045692908,-0.0610932385332582,0.260215600155697,-0.234779307991925,0.814380028726947,0.911495557031172,"18","chrXII",1847.29597134732,-0.0564803771644373,0.191482250138256,-0.294964035171181,0.768021353784895,0.931183988310101,"77"
"90","chrXII","chrXII","YLR221C",600.195363658822,0.289071362442436,0.306648088619182,0.94268111614231,0.345844035209037,0.588153447941736,"18","chrXII",717.655026104671,0.417311181318381,0.245096305408272,1.70264166415418,0.0886351480007316,0.348490198367408,"77"
"91","chrXII","chrXII","YLR223C",387.414680348949,0.248509237357256,0.263182370153202,0.944247280745269,0.345043299236262,0.587734595300194,"18","chrXII",399.112990104577,0.142899766479523,0.180203908767482,0.792989272302118,0.427784073005661,0.748924412431194,"77"
"92","chrXII","chrXII","YLR228C",735.771817032335,0.508969030695332,0.248539726110371,2.04783773870142,0.0405759011729955,0.150895144943896,"18","chrXII",772.946814667727,0.15915215319631,0.207973545250419,0.765251912230841,0.444121552840773,0.75802574923606,"77"
"93","chrXII","chrXII","YLR230W",170.258501332674,0.36085861053665,0.401501663057028,0.898772393093165,0.368773907739315,0.606528601702947,"18","chrXII",190.806641351377,0.57510012572565,0.330467217927011,1.74026376756278,0.081812713073773,0.334862731093897,"77"
"94","chrXII","chrXII","YLR231C",488.132172654652,-0.681065770274057,0.325914305288138,-2.08970812027392,0.0366440271247605,0.14020720183813,"18","chrXII",731.831339483297,0.0411577720215967,0.245424931386027,0.167700044934962,0.866819260837655,0.961659890845905,"77"
"95","chrXII","chrXII","YLR234W",103.894729424429,0.30976783387151,0.478380355257367,0.647534603934261,0.517286006252361,0.735089685743837,"18","chrXII",130.113205603751,0.445415979446705,0.366983813850658,1.21372104881978,0.224854263755753,0.561833976566813,"77"
"96","chrXII","chrXII","YLR237W",1197.6726769542,0.105612251551156,0.246829570719184,0.427875198435238,0.668741984794201,0.828911915082024,"18","chrXII",1497.85036789698,0.278607655235172,0.189786752785231,1.46800369965998,0.142103217959818,0.444779091731936,"77"
"97","chrXII","chrXII","YLR238W",370.806540168401,0.446570653326712,0.272760783166549,1.63722456044582,0.101583557015103,0.282351812200364,"18","chrXII",393.50084178089,0.504156655459273,0.212422476322378,2.37336775367476,0.0176267039647151,0.130784057172461,"77"
"98","chrXII","chrXII","YLR242C",249.656144533718,0.309167439267043,0.272299540979421,1.13539463986981,0.256210004525694,0.492958697349688,"18","chrXII",296.129787959823,0.447328632777131,0.201765083950511,2.21707653285962,0.026617862115614,0.167512269762996,"77"
"99","chrXII","chrXII","YLR246W",765.127576786756,0.130071682087826,0.251722156518951,0.516727187970175,0.605346614154035,0.792176337686106,"18","chrXII",991.642759719734,0.356728125097806,0.195153583480767,1.82793530477478,0.0675592617132346,0.302204639865366,"77"
"100","chrXII","chrXII","YLR250W",1426.04024325745,0.193099850768224,0.288087641981794,0.670281617912742,0.502678282953296,0.722208141622951,"18","chrXII",1742.49929669791,0.475901937661387,0.233643404502168,2.03687298032404,0.0416627724401867,0.224248467845205,"77"
"101","chrXII","chrXII","YLR251W",479.441356383018,-0.344765089435944,0.291094261439521,-1.18437611147334,0.23626421215471,0.471474849227348,"18","chrXII",725.026393824236,0.39789191811962,0.216610124138558,1.83690360596951,0.0662241268748574,0.298623242009547,"77"
"102","chrXII","chrXII","YLR254C",684.67376335823,-0.193641177293514,0.36273545746143,-0.53383581149936,0.59345513476602,0.784813128652363,"18","chrXII",918.350201248863,0.112866837033708,0.284193734226269,0.397147521007082,0.691258678653736,0.897604594396446,"77"
"103","chrXII","chrXII","YLR258W",7250.20699666238,0.0456308786542702,0.226062103692407,0.201851075031834,0.840033151160749,0.923245604120594,"18","chrXII",7485.53526897095,0.356204655292555,0.156630644442005,2.27416963367245,0.0229557892641587,0.154709281808027,"77"
"104","chrXII","chrXII","YLR262C",212.234350086338,-0.0255848965589151,0.37491621660154,-0.0682416375339313,0.945593282246566,0.978219984410859,"18","chrXII",235.423363351285,0.662924675579755,0.293489735650427,2.25876613405437,0.0238979361766871,0.15896093087265,"77"
"105","chrXII","chrXII","YLR262C-A",1108.62472263461,0.048982159716229,0.353966965617605,0.138380596140559,0.889939631508911,0.950094596660607,"18","chrXII",1626.3175016416,0.678308501994564,0.290314416026067,2.33646165863723,0.0194671936471007,0.140254683514472,"77"
"106","chrXII","chrXII","YLR263W",198.273533246058,0.512202999199032,0.26122698901629,1.96075834709059,0.0499072191053774,0.174707800909959,"18","chrXII",220.621720586751,0.290724219578837,0.205186229831412,1.41687977705768,0.156518080024283,0.463416276150328,"77"
"107","chrXII","chrXII","YLR271W",460.249121207429,-0.626791342369663,0.376955412640155,-1.66277315924364,0.09635785133716,0.273200454952772,"18","chrXII",548.075380863295,0.238805372766848,0.311088433733015,0.767644653004998,0.442698326250959,0.757304209664455,"77"
"108","chrXII","chrXII","YLR275W",283.83653654468,0.541065708598472,0.376864449327132,1.43570376448219,0.151086653596123,0.362203272237134,"18","chrXII",329.930322825295,0.328060636174774,0.301858620438466,1.08680227749749,0.277124201030362,0.618822106777232,"77"
"109","chrXII","chrXII","YLR278C",1262.0493146327,0.180398630717441,0.263249336304536,0.685276678186,0.493169345628337,0.71441040896255,"18","chrXII",1430.56064882637,0.212280284748283,0.198110401197326,1.07152518729616,0.283933351745703,0.626196597653764,"77"
"110","chrXII","chrXII","YLR279W",73.058528530151,0.106683147461734,0.371064414388703,0.287505735729161,0.773725110772388,0.89237625533671,"18","chrXII",70.2629201181412,0.384842533863017,0.29954889987528,1.28474026786027,0.198883061750733,0.525371000473449,"77"
"111","chrXII","chrXII","YLR285C-A",209.48209760024,-0.145326195954212,0.391560531211015,-0.371146181421168,0.710528655724574,0.853325459825808,"18","chrXII",214.40042337949,0.0478738579521497,0.304597062085058,0.157171108691722,0.875109997206309,0.963582171714543,"77"
"112","chrXII","chrXII","YLR286C",3122.08737440687,0.0211163110234297,0.358353902127696,0.0589258576453426,0.953011162409313,0.982466873130737,"18","chrXII",2988.50525754274,0.0708451260630065,0.283419960428856,0.249965196367283,0.802614263661481,0.946204008531332,"77"
"113","chrXII","chrXII","YLR287C",322.951629934111,0.0302129844388863,0.326459966264494,0.0925472877565886,0.926263222202993,0.969102982171327,"18","chrXII",415.448552834587,0.649407335897005,0.265452388527894,2.44641737638297,0.0144283863521349,0.112535801367612,"77"
"114","chrXII","chrXII","YLR288C",492.605041874429,-0.129703071329471,0.28257205528393,-0.459008840060794,0.646227817950538,0.815680309515435,"18","chrXII",689.394371645543,0.468880974141457,0.20696920066726,2.26546255495892,0.0234843093612215,0.157165044334108,"77"
"115","chrXII","chrXII","YLR290C",830.565624206795,0.0423417459398919,0.294391113344451,0.143828206832963,0.885636128617933,0.948516250237078,"18","chrXII",869.311371664043,0.371172156010484,0.25456311869015,1.45807514427205,0.144819831667999,0.447921080217904,"77"
"116","chrXII","chrXII","YLR292C",551.138671360262,-0.00408474432992589,0.310822524263897,-0.0131417256185006,0.98951472183747,0.996193111411177,"18","chrXII",736.629194627573,0.413527997465975,0.266616589956641,1.55102125315317,0.120896590808347,0.408955462803797,"77"
"117","chrXII","chrXII","YLR295C",6510.11704666633,0.0630358527464094,0.275135487222838,0.229108405399392,0.81878466064391,0.913866113157011,"18","chrXII",8194.44596302265,0.309556504809031,0.251043322754716,1.23308001747366,0.21754591193277,0.550715455354954,"77"
"118","chrXII","chrXII","YLR297W",537.987943735633,-0.227071229323348,0.329535139578534,-0.689065298510399,0.490782176329027,0.71306825943909,"18","chrXII",702.426135838857,0.0705089004883733,0.248275927830015,0.283994107300842,0.776414896502631,0.934877160939698,"77"
"119","chrXII","chrXII","YLR298C",580.441068688344,0.141790739824349,0.281890368331531,0.502999590456348,0.614964560097269,0.799771762532977,"18","chrXII",719.726215475955,0.367644758395139,0.219302477478568,1.67642774774885,0.0936544376139001,0.358696874509918,"77"
"120","chrXII","chrXII","YLR303W",2562.36285538567,0.169138601837294,0.316271099636223,0.534789938226534,0.592795121459332,0.784813128652363,"18","chrXII",2136.63657552588,-0.449952165537721,0.254071655930495,-1.77096561161003,0.0765664204010389,0.320672107031937,"77"
"121","chrXII","chrXII","YLR306W",141.670773206452,0.774956596425534,0.364467694925266,2.12626964533699,0.0334808140032625,0.13142687953035,"18","chrXII",146.414275831273,0.769912260117788,0.329556684084595,2.33620587079386,0.019480514481337,0.140254683514472,"77"
"122","chrXII","chrXII","YLR307C-A",15261.6068943479,-0.310548159922058,0.316639797947895,-0.980761615989789,0.32671031084868,0.568904839880568,"18","chrXII",18999.1945016472,0.065661247344052,0.260995352313831,0.25158014026663,0.801365610750794,0.945161424375066,"77"
"123","chrXII","chrXII","YLR316C",158.044147939101,0.426174147691903,0.288616932697185,1.4766082631023,0.139780675453476,0.34485979655971,"18","chrXII",232.612021490307,0.563197902548042,0.244619824389093,2.30233957511235,0.0213160296777447,0.149238919560852,"77"
"124","chrXII","chrXII","YLR323C",272.708689038257,0.249890765883079,0.295985253953746,0.844267619906936,0.39851987584695,0.636460039593204,"18","chrXII",354.024708470319,0.288833240014364,0.229103000642355,1.26071347474515,0.207412097380076,0.537482090938072,"77"
"125","chrXII","chrXII","YLR324W",1047.87279395598,0.447149000528604,0.242561780052951,1.84344376278486,0.0652642454818392,0.211253163494561,"18","chrXII",1156.31389569618,0.333782181999744,0.187442280413347,1.78071981019271,0.0749582352075025,0.31793759349773,"77"
"126","chrXII","chrXII","YLR326W",745.151654484975,0.132416105908896,0.21710805151566,0.609908775766177,0.541922238858178,0.75274765200942,"18","chrXII",904.612420199733,0.0728779071452719,0.15946753990656,0.457007784706372,0.647665450110752,0.878814129081862,"77"
"127","chrXII","chrXII","YLR330W",2386.38067925045,0.484170679486929,0.258037804520224,1.87635559985933,0.0606064670648729,0.20154432462679,"18","chrXII",2557.31626730724,0.392002865282055,0.183635464904153,2.13467951567339,0.032787197345085,0.192830281672192,"77"
"128","chrXII","chrXII","YLR337C",218.96056507245,0.368620394486647,0.419499217800722,0.87871533210285,0.379555643391309,0.617184332093622,"18","chrXII",269.933809374527,0.138702255837085,0.384123753788324,0.361087421616521,0.718034095925439,0.910085411509852,"77"
"129","chrXII","chrXII","YLR340W",3224.86052532634,0.783023843383724,0.447767688877354,1.74872788464689,0.0803380675896759,0.241231499870487,"18","chrXII",3566.2569723406,0.290345490987288,0.362692901518633,0.800527084405517,0.423405477757355,0.744825694027185,"77"
"130","chrXII","chrXII","YLR343W",89.0025837027164,0.00839333110266077,0.38329767352449,0.0218976833996476,0.982529572712404,0.993444512420563,"18","chrXII",153.890725233992,0.802110822284621,0.327370060777543,2.4501654805559,0.0142790574084233,0.11173262428692,"77"
"131","chrXII","chrXII","YLR345W",2853.98480238324,-0.0939252037182081,0.22952348615368,-0.409218269085192,0.682379488523065,0.836708217172482,"18","chrXII",3334.90410575228,0.133898466183811,0.174414186008593,0.767703988121783,0.44266306629121,0.757304209664455,"77"
"132","chrXII","chrXII","YLR353W",573.628176010664,0.211321923767185,0.27599934108408,0.765660972005031,0.443878054980621,0.672770295017198,"18","chrXII",620.820286100663,0.317812730901359,0.185016109447072,1.71775707451181,0.085840934125188,0.342123198789769,"77"
"133","chrXII","chrXII","YLR355C",4303.07103331454,0.404847731018643,0.300654423896404,1.34655504406661,0.178123581229094,0.401398196912052,"18","chrXII",4902.22414068783,0.375294332352937,0.225384833586305,1.66512682500097,0.0958874559661598,0.36246496379089,"77"
"134","chrXII","chrXII","YLR360W",575.029606009838,0.543189530712861,0.246129166261536,2.20692873974826,0.027319038204875,0.113988527707987,"18","chrXII",593.765042996891,0.444624302141222,0.192298400490809,2.3121580887121,0.0207689729781867,0.146695640997635,"77"
"135","chrXII","chrXII","YLR362W",751.665110364526,0.299605947547062,0.244013488299987,1.22782535356705,0.219512535955142,0.452464468074849,"18","chrXII",834.635011769346,0.245438610265871,0.175790486453375,1.39619961931767,0.162654391326576,0.47109905875665,"77"
"136","chrXII","chrXII","YLR363W-A",94.6703652201669,0.404403786641126,0.510693003929185,0.791872580062215,0.428434976558515,0.66149966190892,"18","chrXII",93.1430246663467,0.688581000435686,0.439245659991091,1.5676444030196,0.116964143374171,0.403028746382765,"77"
"137","chrXII","chrXII","YLR364W",123.030305183144,0.415662572181396,0.33214069006447,1.25146537179987,0.210764739844112,0.443337412192918,"18","chrXII",128.915435453442,0.581935964969106,0.27100907657113,2.14729326534703,0.0317699416498609,0.189635324783945,"77"
"138","chrXII","chrXII","YLR370C",1654.37708392286,0.106266067458541,0.251936215908369,0.421797505671796,0.67317282649988,0.830970830469603,"18","chrXII",2119.40214710028,0.468389716709786,0.19661900741848,2.38221992298473,0.0172086168156626,0.128880083309795,"77"
"139","chrXII","chrXII","YLR376C",148.865472175566,0.421505442781505,0.359377218925954,1.17287746853078,0.240844946211134,0.476543495412914,"18","chrXII",191.710099229639,0.698546320112897,0.280084829208166,2.49405268428059,0.0126293797579181,0.10108931906517,"77"
"140","chrXII","chrXII","YLR377C",24601.1311345231,-0.405321632541473,0.255791324420184,-1.58457927945851,0.113061955833806,0.303116676399169,"18","chrXII",28040.1258197187,0.0816129981190305,0.166966926422765,0.488797391600682,0.624985144872407,0.867741551789796,"77"
"141","chrXII","chrXII","YLR378C",1671.66761411239,0.799169963218886,0.354947261448392,2.25151747884406,0.0243527811081262,0.105045376882081,"18","chrXII",1746.88245599163,0.524497737959224,0.278746820934932,1.88162769426402,0.0598865833037616,0.282096484763234,"77"
"142","chrXII","chrXII","YLR380W",429.419033920292,0.632163463264987,0.367947743305476,1.71807946852973,0.0857821212076011,0.252549337107905,"18","chrXII",469.887917254878,0.351397252571308,0.267122199278577,1.31549251061999,0.188344432738789,0.50908579860262,"77"
"143","chrXII","chrXII","YLR387C",1073.65074066335,0.209206819140696,0.229532089396579,0.911449112368924,0.362058786512902,0.600449562561545,"18","chrXII",1247.06532073043,0.290447514770678,0.173549948146001,1.67356728062134,0.0942156734197277,0.359796970195502,"77"
"144","chrXII","chrXII","YLR390W-A",5533.48036660131,0.664179707788601,0.399430483082869,1.66281677518039,0.096349117649428,0.273200454952772,"18","chrXII",5552.90448057831,0.274961499145063,0.25609300656908,1.07367828129618,0.282966898818909,0.625641961816271,"77"
"145","chrXII","chrXII","YLR392C",1108.3263677963,0.173129583219696,0.245741714089682,0.70451849764714,0.481109934660592,0.703775633104706,"18","chrXII",1211.96878562935,0.414315751500637,0.186086743801684,2.226465695709,0.0259830042891193,0.16468713601949,"77"
"146","chrXII","chrXII","YLR395C",12419.9199266052,0.00813471704889089,0.258300312619019,0.0314932528203681,0.974876172946983,0.990498633218131,"18","chrXII",15552.5536300796,0.355109251511646,0.223389868632845,1.5896390184789,0.111916196664579,0.392758976314552,"77"
"147","chrXII","chrXII","YLR397C",209.546244377263,0.683873849680394,0.361848092034422,1.88994736944844,0.0587649993556812,0.19686091487212,"18","chrXII",244.629763886497,0.39129854587917,0.311754938989718,1.25514786436816,0.209425087572309,0.540192965958674,"77"
"148","chrXII","chrXII","YLR399C",989.663566232435,0.479010232671744,0.324745626025877,1.47503213063623,0.140203905324396,0.345523162731531,"18","chrXII",1113.64237651124,-0.00168479963206428,0.31808526766285,-0.00529669180985164,0.995773871142232,0.998786884179342,"77"
"149","chrXII","chrXII","YLR401C",360.270467752632,0.631484683136728,0.34951543581083,1.80674333215575,0.0708023079874389,0.22286541259821,"18","chrXII",406.446071727436,0.647287209080945,0.290754474186918,2.22623301289191,0.0259985777643083,0.16468713601949,"77"
"150","chrXII","chrXII","YLR407W",665.53098368985,-0.385418164923743,0.27211937138949,-1.41635695744749,0.156671019360976,0.371281277126408,"18","chrXII",971.266568737125,0.26261404544698,0.210902654925458,1.24519079923294,0.21306162385052,0.545262586243034,"77"
"151","chrXII","chrXII","YLR408C",123.817992995676,0.171634274019332,0.363370198373892,0.472339984917333,0.636684134325313,0.812112541882881,"18","chrXII",144.216556783868,0.424825163847842,0.265852111962439,1.5979755086838,0.110048427796802,0.389386045662275,"77"
"152","chrXII","chrXII","YLR409C",578.447735816856,0.269412332971812,0.270463702186176,0.996112716028563,0.319195382105633,0.559973604020663,"18","chrXII",719.339524551343,0.331299340663357,0.215952902287778,1.53412775264242,0.124998227001944,0.415771150803828,"77"
"153","chrXII","chrXII","YLR413W",321.040911825425,0.510027234003875,0.415788380959624,1.2266510017109,0.219953791231847,0.453069374344081,"18","chrXII",423.313082747074,0.336625566444919,0.374095589506645,0.899838372563705,0.368206270302955,0.70307966674205,"77"
"154","chrXII","chrXII","YLR421C",1305.60606276408,0.0644920149870788,0.279029400462181,0.23112981958265,0.817213949553994,0.913306744870957,"18","chrXII",1583.69141642506,0.451978069978108,0.228993174659865,1.97376219028996,0.0484087899471829,0.24699535108211,"77"
"155","chrXII","chrXII","YLR423C",392.201446909934,-0.426999489355623,0.323741698635818,-1.31895116123413,0.18718544052267,0.414766421120424,"18","chrXII",471.568473321075,0.205782049253174,0.262816364202286,0.782987961490806,0.433634181474882,0.752162599036262,"77"
"156","chrXII","chrXII","YLR430W",724.369667459066,0.624398141838262,0.320059165453879,1.95088349040965,0.051070907010415,0.177364150398049,"18","chrXII",795.996359454475,0.303205921633871,0.294203957900658,1.0305976975886,0.302729516239482,0.64629339213985,"77"
"157","chrXII","chrXII","YLR431C",436.757879613817,0.00295769343933548,0.268660135302786,0.0110090521468773,0.991216224694424,0.996598226288908,"18","chrXII",492.638560541952,0.251052656555758,0.207424590715955,1.21033217753601,0.226151455235926,0.564464299144948,"77"
"158","chrXII","chrXII","YLR433C",729.648063213328,-0.014827817629661,0.219155510727373,-0.0676588856034135,0.946057178810551,0.978491342490882,"18","chrXII",864.191042371745,0.360546939963513,0.172407692754099,2.09124624431784,0.0365059958408779,0.206854968319457,"77"
"159","chrXII","chrXII","YLR438W",235.836149334936,0.457150377437836,0.492953953114753,0.927369330440115,0.353734808777412,0.593521613779273,"18","chrXII",275.951243833866,0.374919504932426,0.431582428296733,0.868708919434161,0.385006361565748,0.716771256936967,"77"
"160","chrXII","chrXII","YLR450W",1077.19293417095,0.393760511623385,0.21336290993075,1.84549653804021,0.0649653416344842,0.21058488919823,"18","chrXII",1202.22190386576,0.253220112482284,0.167660739002118,1.5103125155561,0.130963699678051,0.425212683636136,"77"
"161","chrXII","chrXII","YLR453C",119.88804073875,0.492379372174149,0.351697114737367,1.40000970022696,0.161510413706468,0.37725572927522,"18","chrXII",129.668956962318,0.518963298170378,0.271207682120884,1.9135272795815,0.0556805846331915,0.26887418007402,"77"
"162","chrXII","chrXII","YLR454W",2147.98972300242,0.474178531999659,0.210255439547814,2.25524977151341,0.0241176554436895,0.1043608458764,"18","chrXII",2139.04638841844,0.249954713261651,0.146487456725922,1.70632161174944,0.0879482164268104,0.347397961963866,"77"
"163","chrXII","chrXII","YLR455W",433.535412082146,0.422588751967519,0.276499941165787,1.52835024190525,0.126425601877416,0.325302099703748,"18","chrXII",427.912178978158,0.515380714729422,0.257756484233757,1.99948690432179,0.0455556973949112,0.238537658243083,"77"
"164","chrXII","chrXII","YLR456W",176.424506795469,0.296322716347225,0.362107007975842,0.818329139785646,0.413169271368952,0.649127848815468,"18","chrXII",210.329087591262,0.424971665668352,0.293193928241456,1.44945588818051,0.147210310721211,0.450256712048683,"77"
"165","chrXII","chrXII","YLR457C",231.912772827868,0.235340380731136,0.329546672245773,0.714133688947164,0.475144515906726,0.699623265812755,"18","chrXII",264.593217437602,0.433042283070273,0.257287352613674,1.68310753976508,0.0923542751651068,0.355605331045797,"77"
