,x
1,YAL001C
2,YAL002W
3,YAL003W
4,YAL005C
5,YAL007C
6,YAL008W
7,YAL009W
8,YAL010C
9,YAL011W
10,YAL012W
11,YAL013W
12,YAL014C
13,YAL015C
14,YAL016C-B
15,YAL016W
16,YAL017W
17,YAL019W
18,YAL020C
19,YAL021C
20,YAL022C
21,YAL023C
22,YAL024C
23,YAL025C
24,YAL026C
25,YAL026C
26,YAL027W
27,YAL028W
28,YAL029C
29,YAL030W
30,YAL031C
31,YAL032C
32,YAL033W
33,YAL034C
34,YAL034W-A
35,YAL035W
36,YAL036C
37,YAL037C-A
38,YAL037C-B
39,YAL037W
40,YAL038W
41,YAL039C
42,YAL040C
43,YAL041W
44,YAL042W
45,YAL043C
46,YAL044C
47,YAL044W-A
48,YAL046C
49,YAL047C
50,YAL048C
51,YAL049C
52,YAL051W
53,YAL053W
54,YAL054C
55,YAL055W
56,YAL056W
57,YAL058W
58,YAL059W
59,YAL060W
60,YAL061W
61,YAL062W
62,YAL063C
63,YAL064C-A
64,YAL067C
65,YAR002C-A
66,YAR002W
67,YAR003W
68,YAR007C
69,YAR008W
70,YAR009C
71,YAR014C
72,YAR015W
73,YAR018C
74,YAR019C
75,YAR020C
76,YAR023C
77,YAR027W
78,YAR028W
79,YAR029W
80,YAR030C
81,YAR031W
82,YAR033W
83,YAR035W
84,YAR042W
85,YAR050W
86,YAR053W
87,YAR071W
88,YBL001C
89,YBL002W
90,YBL003C
91,YBL004W
92,YBL005W
93,YBL005W-B
94,YBL005W-B
95,YBL006C
96,YBL007C
97,YBL008W
98,YBL009W
99,YBL010C
100,YBL011W
101,YBL013W
102,YBL014C
103,YBL015W
104,YBL016W
105,YBL017C
106,YBL018C
107,YBL019W
108,YBL020W
109,YBL021C
110,YBL022C
111,YBL023C
112,YBL024W
113,YBL025W
114,YBL026W
115,YBL027W
116,YBL028C
117,YBL029C-A
118,YBL029W
119,YBL030C
120,YBL031W
121,YBL032W
122,YBL033C
123,YBL034C
124,YBL035C
125,YBL036C
126,YBL037W
127,YBL038W
128,YBL039C
129,YBL039C
130,YBL039W-B
131,YBL040C
132,YBL041W
133,YBL042C
134,YBL043W
135,YBL045C
136,YBL046W
137,YBL047C
138,YBL048W
139,YBL049W
140,YBL050W
141,YBL051C
142,YBL052C
143,YBL054W
144,YBL055C
145,YBL056W
146,YBL057C
147,YBL058W
148,YBL059C-A
149,YBL059W
150,YBL060W
151,YBL061C
152,YBL063W
153,YBL064C
154,YBL066C
155,YBL067C
156,YBL068W
157,YBL069W
158,YBL069W
159,YBL071C
160,YBL071W-A
161,YBL072C
162,YBL074C
163,YBL075C
164,YBL076C
165,YBL078C
166,YBL079W
167,YBL080C
168,YBL081W
169,YBL082C
170,YBL082C
171,YBL084C
172,YBL085W
173,YBL086C
174,YBL087C
175,YBL088C
176,YBL089W
177,YBL090W
178,YBL091C
179,YBL091C-A
180,YBL092W
181,YBL093C
182,YBL095W
183,YBL097W
184,YBL098W
185,YBL099W
186,YBL100C
187,YBL100W-B
188,YBL100W-B
189,YBL101C
190,YBL102W
191,YBL103C
192,YBL104C
193,YBL105C
194,YBL106C
195,YBL107C
196,YBL113C
197,YBL113C
198,YBR001C
199,YBR002C
200,YBR003W
201,YBR004C
202,YBR005W
203,YBR006W
204,YBR007C
205,YBR008C
206,YBR009C
207,YBR010W
208,YBR011C
209,YBR012C
210,YBR012W-B
211,YBR012W-B
212,YBR013C
213,YBR014C
214,YBR015C
215,YBR016W
216,YBR017C
217,YBR018C
218,YBR019C
219,YBR020W
220,YBR021W
221,YBR022W
222,YBR023C
223,YBR024W
224,YBR025C
225,YBR026C
226,YBR028C
227,YBR029C
228,YBR030W
229,YBR031W
230,YBR032W
231,YBR033W
232,YBR034C
233,YBR035C
234,YBR036C
235,YBR037C
236,YBR038W
237,YBR039W
238,YBR041W
239,YBR042C
240,YBR043C
241,YBR044C
242,YBR045C
243,YBR046C
244,YBR047W
245,YBR048W
246,YBR049C
247,YBR050C
248,YBR052C
249,YBR053C
250,YBR054W
251,YBR055C
252,YBR056W
253,YBR057C
254,YBR058C
255,YBR058C-A
256,YBR059C
257,YBR060C
258,YBR061C
259,YBR062C
260,YBR063C
261,YBR065C
262,YBR066C
263,YBR067C
264,YBR068C
265,YBR069C
266,YBR070C
267,YBR071W
268,YBR072W
269,YBR073W
270,YBR074W
271,YBR076C-A
272,YBR076W
273,YBR077C
274,YBR078W
275,YBR079C
276,YBR080C
277,YBR081C
278,YBR082C
279,YBR083W
280,YBR084C-A
281,YBR084W
282,YBR085C-A
283,YBR085W
284,YBR086C
285,YBR087W
286,YBR088C
287,YBR090C
288,YBR090C
289,YBR091C
290,YBR092C
291,YBR093C
292,YBR094W
293,YBR095C
294,YBR096W
295,YBR097W
296,YBR098W
297,YBR101C
298,YBR102C
299,YBR103W
300,YBR104W
301,YBR105C
302,YBR106W
303,YBR107C
304,YBR108W
305,YBR109C
306,YBR109W-A
307,YBR110W
308,YBR111C
309,YBR111W-A
310,YBR112C
311,YBR114W
312,YBR115C
313,YBR117C
314,YBR117C
315,YBR118W
316,YBR119W
317,YBR120C
318,YBR121C
319,YBR121C
320,YBR122C
321,YBR123C
322,YBR125C
323,YBR126C
324,YBR127C
325,YBR128C
326,YBR129C
327,YBR130C
328,YBR131W
329,YBR132C
330,YBR133C
331,YBR135W
332,YBR136W
333,YBR137W
334,YBR138C
335,YBR139W
336,YBR140C
337,YBR141C
338,YBR142W
339,YBR143C
340,YBR145W
341,YBR146W
342,YBR147W
343,YBR148W
344,YBR149W
345,YBR150C
346,YBR151W
347,YBR152W
348,YBR153W
349,YBR154C
350,YBR155W
351,YBR156C
352,YBR157C
353,YBR158W
354,YBR159W
355,YBR160W
356,YBR161W
357,YBR162C
358,YBR162W-A
359,YBR163W
360,YBR164C
361,YBR165W
362,YBR166C
363,YBR167C
364,YBR168W
365,YBR169C
366,YBR170C
367,YBR171W
368,YBR172C
369,YBR173C
370,YBR175W
371,YBR176W
372,YBR177C
373,YBR179C
374,YBR180W
375,YBR181C
376,YBR182C
377,YBR183W
378,YBR184W
379,YBR185C
380,YBR186W
381,YBR187W
382,YBR188C
383,YBR189W
384,YBR191W
385,YBR191W
386,YBR192W
387,YBR193C
388,YBR194W
389,YBR195C
390,YBR196C
391,YBR196C-A
392,YBR196C-B
393,YBR197C
394,YBR198C
395,YBR199W
396,YBR200W
397,YBR200W-A
398,YBR201C-A
399,YBR201W
400,YBR202W
401,YBR203W
402,YBR204C
403,YBR205W
404,YBR205W
405,YBR207W
406,YBR208C
407,YBR210W
408,YBR211C
409,YBR212W
410,YBR213W
411,YBR214W
412,YBR215W
413,YBR216C
414,YBR217W
415,YBR218C
416,YBR220C
417,YBR220C
418,YBR221C
419,YBR221W-A
420,YBR222C
421,YBR223C
422,YBR225W
423,YBR225W
424,YBR226C
425,YBR227C
426,YBR228W
427,YBR229C
428,YBR230C
429,YBR230W-A
430,YBR231C
431,YBR233W
432,YBR233W-A
433,YBR234C
434,YBR235W
435,YBR236C
436,YBR237W
437,YBR238C
438,YBR239C
439,YBR240C
440,YBR241C
441,YBR242W
442,YBR243C
443,YBR244W
444,YBR245C
445,YBR246W
446,YBR247C
447,YBR248C
448,YBR249C
449,YBR250W
450,YBR251W
451,YBR252W
452,YBR253W
453,YBR254C
454,YBR255C-A
455,YBR255W
456,YBR256C
457,YBR257W
458,YBR258C
459,YBR259W
460,YBR260C
461,YBR261C
462,YBR262C
463,YBR263W
464,YBR264C
465,YBR265W
466,YBR267W
467,YBR268W
468,YBR269C
469,YBR270C
470,YBR271W
471,YBR272C
472,YBR273C
473,YBR274W
474,YBR275C
475,YBR276C
476,YBR278W
477,YBR279W
478,YBR280C
479,YBR281C
480,YBR282W
481,YBR283C
482,YBR284W
483,YBR285W
484,YBR286W
485,YBR287W
486,YBR288C
487,YBR289W
488,YBR290W
489,YBR291C
490,YBR292C
491,YBR293W
492,YBR294W
493,YBR295W
494,YBR296C
495,YBR297W
496,YBR298C
497,YCL001W
498,YCL001W-A
499,YCL001W-B
500,YCL002C
501,YCL004W
502,YCL005W
503,YCL005W-A
504,YCL008C
505,YCL009C
506,YCL010C
507,YCL011C
508,YCL012C
509,YCL014W
510,YCL016C
511,YCL017C
512,YCL018W
513,YCL019W
514,YCL019W
515,YCL021W-A
516,YCL024W
517,YCL025C
518,YCL026C-A
519,YCL026C-B
520,YCL027W
521,YCL028W
522,YCL029C
523,YCL030C
524,YCL031C
525,YCL032W
526,YCL033C
527,YCL034W
528,YCL035C
529,YCL036W
530,YCL037C
531,YCL038C
532,YCL039W
533,YCL040W
534,YCL040W
535,YCL043C
536,YCL043C
537,YCL044C
538,YCL045C
539,YCL047C
540,YCL048W
541,YCL048W-A
542,YCL049C
543,YCL050C
544,YCL051W
545,YCL052C
546,YCL054W
547,YCL055W
548,YCL056C
549,YCL057C-A
550,YCL057W
551,YCL058C
552,YCL059C
553,YCL061C
554,YCL063W
555,YCL064C
556,YCR001W
557,YCR002C
558,YCR003W
559,YCR004C
560,YCR005C
561,YCR006C
562,YCR007C
563,YCR008W
564,YCR009C
565,YCR010C
566,YCR011C
567,YCR012W
568,YCR013C
569,YCR014C
570,YCR015C
571,YCR016W
572,YCR017C
573,YCR018C
574,YCR018C-A
575,YCR019W
576,YCR020C
577,YCR020C-A
578,YCR020W-B
579,YCR021C
580,YCR023C
581,YCR024C
582,YCR024C-A
583,YCR024C-B
584,YCR025C
585,YCR026C
586,YCR027C
587,YCR028C
588,YCR028C-A
589,YCR030C
590,YCR031C
591,YCR032W
592,YCR033W
593,YCR034W
594,YCR035C
595,YCR036W
596,YCR037C
597,YCR038C
598,YCR038C
599,YCR042C
600,YCR043C
601,YCR044C
602,YCR045C
603,YCR046C
604,YCR047C
605,YCR048W
606,YCR050C
607,YCR051W
608,YCR052W
609,YCR053W
610,YCR054C
611,YCR057C
612,YCR059C
613,YCR060W
614,YCR061W
615,YCR063W
616,YCR065W
617,YCR066W
618,YCR067C
619,YCR068W
620,YCR069W
621,YCR071C
622,YCR072C
623,YCR073C
624,YCR073W-A
625,YCR075C
626,YCR075W-A
627,YCR076C
628,YCR077C
629,YCR079W
630,YCR081W
631,YCR082W
632,YCR083W
633,YCR084C
634,YCR086W
635,YCR088W
636,YCR089W
637,YCR090C
638,YCR091W
639,YCR092C
640,YCR093W
641,YCR094W
642,YCR095C
643,YCR095W-A
644,YCR097W
645,YCR098C
646,YCR100C
647,YCR100C
648,YCR101C
649,YCR102C
650,YCR102W-A
651,YCR104W
652,YCR105W
653,YCR106W
654,YCR107W
655,YDL001W
656,YDL002C
657,YDL003W
658,YDL004W
659,YDL005C
660,YDL006W
661,YDL007W
662,YDL008W
663,YDL009C
664,YDL010W
665,YDL012C
666,YDL013W
667,YDL014W
668,YDL015C
669,YDL016C
670,YDL017W
671,YDL018C
672,YDL019C
673,YDL020C
674,YDL021W
675,YDL022W
676,YDL024C
677,YDL024C
678,YDL025C
679,YDL027C
680,YDL028C
681,YDL029W
682,YDL030W
683,YDL031W
684,YDL033C
685,YDL035C
686,YDL036C
687,YDL037C
688,YDL039C
689,YDL040C
690,YDL042C
691,YDL043C
692,YDL044C
693,YDL045C
694,YDL045W-A
695,YDL046W
696,YDL047W
697,YDL048C
698,YDL049C
699,YDL050C
700,YDL051W
701,YDL052C
702,YDL053C
703,YDL054C
704,YDL055C
705,YDL056W
706,YDL057W
707,YDL058W
708,YDL059C
709,YDL060W
710,YDL061C
711,YDL063C
712,YDL064W
713,YDL065C
714,YDL066W
715,YDL067C
716,YDL069C
717,YDL070W
718,YDL072C
719,YDL073W
720,YDL074C
721,YDL075W
722,YDL076C
723,YDL077C
724,YDL078C
725,YDL079C
726,YDL080C
727,YDL081C
728,YDL082W
729,YDL083C
730,YDL084W
731,YDL085C-A
732,YDL085W
733,YDL086W
734,YDL087C
735,YDL088C
736,YDL089W
737,YDL090C
738,YDL091C
739,YDL092W
740,YDL093W
741,YDL094C
742,YDL095W
743,YDL097C
744,YDL098C
745,YDL099W
746,YDL100C
747,YDL101C
748,YDL102W
749,YDL103C
750,YDL104C
751,YDL105W
752,YDL106C
753,YDL107W
754,YDL108W
755,YDL109C
756,YDL110C
757,YDL111C
758,YDL112W
759,YDL113C
760,YDL115C
761,YDL116W
762,YDL117W
763,YDL119C
764,YDL120W
765,YDL121C
766,YDL122W
767,YDL123W
768,YDL124W
769,YDL125C
770,YDL126C
771,YDL127W
772,YDL128W
773,YDL129W
774,YDL130W
775,YDL130W-A
776,YDL131W
777,YDL132W
778,YDL133C-A
779,YDL133W
780,YDL134C
781,YDL135C
782,YDL136W
783,YDL137W
784,YDL138W
785,YDL139C
786,YDL140C
787,YDL141W
788,YDL142C
789,YDL143W
790,YDL144C
791,YDL145C
792,YDL146W
793,YDL147W
794,YDL148C
795,YDL149W
796,YDL150W
797,YDL153C
798,YDL154W
799,YDL155W
800,YDL156W
801,YDL157C
802,YDL158C
803,YDL159W
804,YDL160C
805,YDL160C-A
806,YDL161W
807,YDL164C
808,YDL165W
809,YDL166C
810,YDL167C
811,YDL168W
812,YDL169C
813,YDL170W
814,YDL171C
815,YDL173W
816,YDL174C
817,YDL175C
818,YDL176W
819,YDL177C
820,YDL178W
821,YDL179W
822,YDL180W
823,YDL181W
824,YDL182W
825,YDL183C
826,YDL184C
827,YDL185W
828,YDL186W
829,YDL188C
830,YDL189W
831,YDL190C
832,YDL191W
833,YDL192W
834,YDL193W
835,YDL194W
836,YDL195W
837,YDL197C
838,YDL198C
839,YDL199C
840,YDL200C
841,YDL201W
842,YDL202W
843,YDL203C
844,YDL204W
845,YDL205C
846,YDL206W
847,YDL207W
848,YDL208W
849,YDL209C
850,YDL210W
851,YDL211C
852,YDL212W
853,YDL213C
854,YDL214C
855,YDL215C
856,YDL216C
857,YDL217C
858,YDL218W
859,YDL219W
860,YDL220C
861,YDL221W
862,YDL222C
863,YDL223C
864,YDL224C
865,YDL225W
866,YDL226C
867,YDL227C
868,YDL229W
869,YDL230W
870,YDL231C
871,YDL232W
872,YDL233W
873,YDL234C
874,YDL235C
875,YDL236W
876,YDL237W
877,YDL238C
878,YDL239C
879,YDL240W
880,YDL241W
881,YDL242W
882,YDL243C
883,YDL244W
884,YDL248W
885,YDR001C
886,YDR002W
887,YDR003W
888,YDR003W-A
889,YDR004W
890,YDR005C
891,YDR006C
892,YDR007W
893,YDR009W
894,YDR011W
895,YDR012W
896,YDR013W
897,YDR014W
898,YDR014W-A
899,YDR016C
900,YDR017C
901,YDR018C
902,YDR019C
903,YDR020C
904,YDR021W
905,YDR022C
906,YDR023W
907,YDR024W
908,YDR025W
909,YDR026C
910,YDR027C
911,YDR028C
912,YDR029W
913,YDR030C
914,YDR031W
915,YDR032C
916,YDR033W
917,YDR034C
918,YDR034C-A
919,YDR034C-D
920,YDR034C-D
921,YDR034W-B
922,YDR035W
923,YDR036C
924,YDR037W
925,YDR038C
926,YDR040C
927,YDR041W
928,YDR042C
929,YDR043C
930,YDR044W
931,YDR045C
932,YDR046C
933,YDR047W
934,YDR049W
935,YDR050C
936,YDR051C
937,YDR052C
938,YDR054C
939,YDR055W
940,YDR056C
941,YDR057W
942,YDR058C
943,YDR059C
944,YDR060W
945,YDR061W
946,YDR062W
947,YDR063W
948,YDR064W
949,YDR065W
950,YDR066C
951,YDR067C
952,YDR068W
953,YDR069C
954,YDR070C
955,YDR071C
956,YDR072C
957,YDR073W
958,YDR074W
959,YDR075W
960,YDR076W
961,YDR077W
962,YDR078C
963,YDR079C-A
964,YDR079W
965,YDR080W
966,YDR081C
967,YDR082W
968,YDR083W
969,YDR084C
970,YDR085C
971,YDR086C
972,YDR087C
973,YDR088C
974,YDR089W
975,YDR090C
976,YDR091C
977,YDR092W
978,YDR093W
979,YDR093W
980,YDR096W
981,YDR097C
982,YDR098C
983,YDR098C-B
984,YDR098C-B
985,YDR099W
986,YDR100W
987,YDR101C
988,YDR103W
989,YDR104C
990,YDR105C
991,YDR106W
992,YDR107C
993,YDR108W
994,YDR109C
995,YDR110W
996,YDR111C
997,YDR113C
998,YDR115W
999,YDR116C
1000,YDR117C
1001,YDR118W
1002,YDR118W
1003,YDR119W
1004,YDR119W-A
1005,YDR120C
1006,YDR121W
1007,YDR122W
1008,YDR123C
1009,YDR124W
1010,YDR125C
1011,YDR126W
1012,YDR127W
1013,YDR128W
1014,YDR129C
1015,YDR130C
1016,YDR131C
1017,YDR132C
1018,YDR134C
1019,YDR134C
1020,YDR135C
1021,YDR137W
1022,YDR138W
1023,YDR139C
1024,YDR140W
1025,YDR141C
1026,YDR142C
1027,YDR143C
1028,YDR144C
1029,YDR145W
1030,YDR146C
1031,YDR147W
1032,YDR148C
1033,YDR150W
1034,YDR151C
1035,YDR152W
1036,YDR153C
1037,YDR155C
1038,YDR155C
1039,YDR156W
1040,YDR156W
1041,YDR158W
1042,YDR159W
1043,YDR160W
1044,YDR161W
1045,YDR162C
1046,YDR163W
1047,YDR164C
1048,YDR165W
1049,YDR166C
1050,YDR167W
1051,YDR168W
1052,YDR169C
1053,YDR170C
1054,YDR170W-A
1055,YDR171W
1056,YDR172W
1057,YDR173C
1058,YDR174W
1059,YDR175C
1060,YDR176W
1061,YDR177W
1062,YDR178W
1063,YDR179C
1064,YDR179W-A
1065,YDR180W
1066,YDR181C
1067,YDR182W
1068,YDR182W-A
1069,YDR183W
1070,YDR184C
1071,YDR184C
1072,YDR185C
1073,YDR186C
1074,YDR188W
1075,YDR189W
1076,YDR190C
1077,YDR191W
1078,YDR192C
1079,YDR194C
1080,YDR195W
1081,YDR196C
1082,YDR197W
1083,YDR198C
1084,YDR200C
1085,YDR201W
1086,YDR202C
1087,YDR204W
1088,YDR205W
1089,YDR206W
1090,YDR207C
1091,YDR208W
1092,YDR209C
1093,YDR210C-D
1094,YDR210C-D
1095,YDR210W-B
1096,YDR210W-B
1097,YDR211W
1098,YDR212W
1099,YDR213W
1100,YDR214W
1101,YDR216W
1102,YDR217C
1103,YDR218C
1104,YDR219C
1105,YDR221W
1106,YDR222W
1107,YDR223W
1108,YDR224C
1109,YDR225W
1110,YDR226W
1111,YDR227W
1112,YDR228C
1113,YDR229W
1114,YDR230W
1115,YDR231C
1116,YDR232W
1117,YDR233C
1118,YDR234W
1119,YDR235W
1120,YDR236C
1121,YDR237W
1122,YDR238C
1123,YDR239C
1124,YDR240C
1125,YDR241W
1126,YDR242W
1127,YDR243C
1128,YDR244W
1129,YDR245W
1130,YDR246W
1131,YDR246W-A
1132,YDR247W
1133,YDR248C
1134,YDR249C
1135,YDR251W
1136,YDR252W
1137,YDR253C
1138,YDR254W
1139,YDR255C
1140,YDR256C
1141,YDR257C
1142,YDR258C
1143,YDR259C
1144,YDR260C
1145,YDR261C
1146,YDR261C-D
1147,YDR261C-D
1148,YDR261W-B
1149,YDR261W-B
1150,YDR262W
1151,YDR263C
1152,YDR264C
1153,YDR265W
1154,YDR266C
1155,YDR267C
1156,YDR268W
1157,YDR270W
1158,YDR272W
1159,YDR273W
1160,YDR274C
1161,YDR275W
1162,YDR276C
1163,YDR277C
1164,YDR279W
1165,YDR280W
1166,YDR281C
1167,YDR282C
1168,YDR283C
1169,YDR284C
1170,YDR285W
1171,YDR286C
1172,YDR287W
1173,YDR288W
1174,YDR289C
1175,YDR291W
1176,YDR292C
1177,YDR293C
1178,YDR294C
1179,YDR295C
1180,YDR296W
1181,YDR297W
1182,YDR298C
1183,YDR299W
1184,YDR300C
1185,YDR301W
1186,YDR302W
1187,YDR303C
1188,YDR304C
1189,YDR305C
1190,YDR306C
1191,YDR307W
1192,YDR308C
1193,YDR309C
1194,YDR310C
1195,YDR311W
1196,YDR312W
1197,YDR313C
1198,YDR314C
1199,YDR315C
1200,YDR316W
1201,YDR317W
1202,YDR318W
1203,YDR319C
1204,YDR320C
1205,YDR320C-A
1206,YDR321W
1207,YDR322C-A
1208,YDR322W
1209,YDR323C
1210,YDR324C
1211,YDR325W
1212,YDR326C
1213,YDR327W
1214,YDR328C
1215,YDR329C
1216,YDR330W
1217,YDR331W
1218,YDR332W
1219,YDR333C
1220,YDR334W
1221,YDR335W
1222,YDR336W
1223,YDR337W
1224,YDR338C
1225,YDR339C
1226,YDR341C
1227,YDR342C
1228,YDR343C
1229,YDR345C
1230,YDR346C
1231,YDR347W
1232,YDR348C
1233,YDR349C
1234,YDR350C
1235,YDR351W
1236,YDR352W
1237,YDR353W
1238,YDR354W
1239,YDR356W
1240,YDR357C
1241,YDR358W
1242,YDR359C
1243,YDR361C
1244,YDR362C
1245,YDR363W
1246,YDR363W-A
1247,YDR364C
1248,YDR365C
1249,YDR366C
1250,YDR367W
1251,YDR368W
1252,YDR369C
1253,YDR370C
1254,YDR371W
1255,YDR372C
1256,YDR373W
1257,YDR374C
1258,YDR374W-A
1259,YDR375C
1260,YDR376W
1261,YDR377W
1262,YDR378C
1263,YDR379C-A
1264,YDR379W
1265,YDR380W
1266,YDR381C-A
1267,YDR381W
1268,YDR382W
1269,YDR383C
1270,YDR384C
1271,YDR385W
1272,YDR386W
1273,YDR387C
1274,YDR388W
1275,YDR389W
1276,YDR390C
1277,YDR391C
1278,YDR392W
1279,YDR393W
1280,YDR394W
1281,YDR395W
1282,YDR396W
1283,YDR398W
1284,YDR399W
1285,YDR400W
1286,YDR402C
1287,YDR403W
1288,YDR404C
1289,YDR405W
1290,YDR406W
1291,YDR406W
1292,YDR407C
1293,YDR408C
1294,YDR409W
1295,YDR410C
1296,YDR411C
1297,YDR414C
1298,YDR415C
1299,YDR416W
1300,YDR418W
1301,YDR419W
1302,YDR420W
1303,YDR421W
1304,YDR422C
1305,YDR423C
1306,YDR424C
1307,YDR425W
1308,YDR427W
1309,YDR428C
1310,YDR429C
1311,YDR430C
1312,YDR432W
1313,YDR432W
1314,YDR434W
1315,YDR435C
1316,YDR436W
1317,YDR437W
1318,YDR438W
1319,YDR439W
1320,YDR440W
1321,YDR441C
1322,YDR443C
1323,YDR444W
1324,YDR447C
1325,YDR448W
1326,YDR449C
1327,YDR450W
1328,YDR451C
1329,YDR452W
1330,YDR453C
1331,YDR454C
1332,YDR456W
1333,YDR457W
1334,YDR458C
1335,YDR459C
1336,YDR460W
1337,YDR461C-A
1338,YDR461W
1339,YDR462W
1340,YDR463W
1341,YDR464W
1342,YDR465C
1343,YDR466W
1344,YDR467C
1345,YDR468C
1346,YDR469W
1347,YDR470C
1348,YDR471W
1349,YDR472W
1350,YDR473C
1351,YDR475C
1352,YDR476C
1353,YDR477W
1354,YDR478W
1355,YDR479C
1356,YDR480W
1357,YDR481C
1358,YDR482C
1359,YDR483W
1360,YDR484W
1361,YDR485C
1362,YDR486C
1363,YDR487C
1364,YDR488C
1365,YDR489W
1366,YDR490C
1367,YDR491C
1368,YDR492W
1369,YDR493W
1370,YDR494W
1371,YDR495C
1372,YDR496C
1373,YDR497C
1374,YDR498C
1375,YDR499W
1376,YDR500C
1377,YDR501W
1378,YDR502C
1379,YDR503C
1380,YDR504C
1381,YDR505C
1382,YDR506C
1383,YDR507C
1384,YDR508C
1385,YDR510C-A
1386,YDR510W
1387,YDR511W
1388,YDR512C
1389,YDR513W
1390,YDR514C
1391,YDR515W
1392,YDR516C
1393,YDR517W
1394,YDR518W
1395,YDR519W
1396,YDR520C
1397,YDR522C
1398,YDR523C
1399,YDR524C
1400,YDR524C-B
1401,YDR524W-C
1402,YDR525W-A
1403,YDR527W
1404,YDR528W
1405,YDR529C
1406,YDR530C
1407,YDR531W
1408,YDR532C
1409,YDR533C
1410,YDR534C
1411,YDR535C
1412,YDR536W
1413,YDR538W
1414,YDR539W
1415,YDR540C
1416,YDR541C
1417,YEL001C
1418,YEL002C
1419,YEL003W
1420,YEL004W
1421,YEL005C
1422,YEL006W
1423,YEL007W
1424,YEL009C
1425,YEL011W
1426,YEL012W
1427,YEL013W
1428,YEL015W
1429,YEL016C
1430,YEL017C-A
1431,YEL017W
1432,YEL018W
1433,YEL019C
1434,YEL020C
1435,YEL020W-A
1436,YEL021W
1437,YEL022W
1438,YEL023C
1439,YEL024W
1440,YEL025C
1441,YEL026W
1442,YEL027W
1443,YEL028W
1444,YEL029C
1445,YEL030W
1446,YEL031W
1447,YEL032W
1448,YEL033W
1449,YEL036C
1450,YEL037C
1451,YEL038W
1452,YEL039C
1453,YEL040W
1454,YEL041W
1455,YEL042W
1456,YEL043W
1457,YEL044W
1458,YEL045C
1459,YEL046C
1460,YEL047C
1461,YEL048C
1462,YEL049W
1463,YEL050C
1464,YEL050W-A
1465,YEL051W
1466,YEL052W
1467,YEL053C
1468,YEL054C
1469,YEL055C
1470,YEL056W
1471,YEL057C
1472,YEL058W
1473,YEL059C-A
1474,YEL059W
1475,YEL060C
1476,YEL061C
1477,YEL062W
1478,YEL063C
1479,YEL064C
1480,YEL065W
1481,YEL066W
1482,YEL067C
1483,YEL068C
1484,YEL069C
1485,YEL071W
1486,YEL072W
1487,YEL073C
1488,YEL074W
1489,YEL077C
1490,YER001W
1491,YER002W
1492,YER003C
1493,YER004W
1494,YER005W
1495,YER006W
1496,YER007C-A
1497,YER007W
1498,YER008C
1499,YER009W
1500,YER010C
1501,YER011W
1502,YER012W
1503,YER013W
1504,YER014W
1505,YER015W
1506,YER016W
1507,YER017C
1508,YER018C
1509,YER019C-A
1510,YER019W
1511,YER020W
1512,YER021W
1513,YER022W
1514,YER023W
1515,YER024W
1516,YER025W
1517,YER026C
1518,YER027C
1519,YER028C
1520,YER029C
1521,YER030W
1522,YER031C
1523,YER032W
1524,YER033C
1525,YER034W
1526,YER035W
1527,YER036C
1528,YER037W
1529,YER038C
1530,YER039C
1531,YER039C-A
1532,YER040W
1533,YER041W
1534,YER042W
1535,YER043C
1536,YER044C
1537,YER044C-A
1538,YER045C
1539,YER046W
1540,YER047C
1541,YER048C
1542,YER048W-A
1543,YER049W
1544,YER050C
1545,YER051W
1546,YER052C
1547,YER053C
1548,YER053C-A
1549,YER054C
1550,YER055C
1551,YER056C
1552,YER056C-A
1553,YER057C
1554,YER058W
1555,YER059W
1556,YER060W
1557,YER060W-A
1558,YER061C
1559,YER062C
1560,YER063W
1561,YER064C
1562,YER065C
1563,YER066C-A
1564,YER066W
1565,YER068W
1566,YER069W
1567,YER070W
1568,YER071C
1569,YER072W
1570,YER073W
1571,YER074W
1572,YER074W-A
1573,YER075C
1574,YER076C
1575,YER076W-A
1576,YER077C
1577,YER078C
1578,YER079W
1579,YER080W
1580,YER081W
1581,YER082C
1582,YER083C
1583,YER086W
1584,YER087C-A
1585,YER087C-B
1586,YER087W
1587,YER088C
1588,YER089C
1589,YER089C
1590,YER090W
1591,YER091C
1592,YER092W
1593,YER093C
1594,YER093C-A
1595,YER094C
1596,YER095W
1597,YER096W
1598,YER098W
1599,YER098W
1600,YER099C
1601,YER100W
1602,YER101C
1603,YER102W
1604,YER103W
1605,YER104W
1606,YER105C
1607,YER106W
1608,YER107C
1609,YER109C
1610,YER110C
1611,YER111C
1612,YER112W
1613,YER113C
1614,YER114C
1615,YER115C
1616,YER116C
1617,YER117W
1618,YER118C
1619,YER119C
1620,YER120W
1621,YER121W
1622,YER122C
1623,YER123W
1624,YER124C
1625,YER125W
1626,YER126C
1627,YER127W
1628,YER128W
1629,YER129W
1630,YER130C
1631,YER131W
1632,YER132C
1633,YER133W
1634,YER133W-A
1635,YER134C
1636,YER136W
1637,YER137C
1638,YER138W-A
1639,YER139C
1640,YER140W
1641,YER141W
1642,YER142C
1643,YER143W
1644,YER144C
1645,YER145C
1646,YER146W
1647,YER147C
1648,YER147C-A
1649,YER148W
1650,YER149C
1651,YER150W
1652,YER151C
1653,YER152C
1654,YER153C
1655,YER154W
1656,YER155C
1657,YER156C
1658,YER157W
1659,YER158C
1660,YER158W-A
1661,YER159C
1662,YER161C
1663,YER162C
1664,YER163C
1665,YER164W
1666,YER165W
1667,YER166W
1668,YER167W
1669,YER168C
1670,YER169W
1671,YER170W
1672,YER171W
1673,YER172C
1674,YER173W
1675,YER174C
1676,YER175C
1677,YER175W-A
1678,YER176W
1679,YER177W
1680,YER178W
1681,YER179W
1682,YER180C
1683,YER180C-A
1684,YER182W
1685,YER183C
1686,YER184C
1687,YER185W
1688,YER186C
1689,YER187W
1690,YER188C-A
1691,YER188W
1692,YFL001W
1693,YFL002C
1694,YFL003C
1695,YFL004W
1696,YFL005W
1697,YFL007W
1698,YFL008W
1699,YFL009W
1700,YFL010C
1701,YFL010W-A
1702,YFL013C
1703,YFL014W
1704,YFL016C
1705,YFL017C
1706,YFL017W-A
1707,YFL018C
1708,YFL019C
1709,YFL020C
1710,YFL021W
1711,YFL022C
1712,YFL023W
1713,YFL024C
1714,YFL025C
1715,YFL026W
1716,YFL027C
1717,YFL028C
1718,YFL029C
1719,YFL030W
1720,YFL031C-A
1721,YFL031W
1722,YFL031W
1723,YFL033C
1724,YFL034C-A
1725,YFL034C-B
1726,YFL034W
1727,YFL036W
1728,YFL037W
1729,YFL038C
1730,YFL039C
1731,YFL040W
1732,YFL041W
1733,YFL041W-A
1734,YFL042C
1735,YFL044C
1736,YFL045C
1737,YFL046W
1738,YFL047W
1739,YFL048C
1740,YFL049W
1741,YFL050C
1742,YFL051C
1743,YFL052W
1744,YFL053W
1745,YFL054C
1746,YFL055W
1747,YFL056C
1748,YFL057C
1749,YFL059W
1750,YFL066C
1751,YFL067W
1752,YFR001W
1753,YFR002W
1754,YFR003C
1755,YFR004W
1756,YFR005C
1757,YFR006W
1758,YFR007W
1759,YFR008W
1760,YFR009W
1761,YFR009W
1762,YFR010W
1763,YFR011C
1764,YFR012W
1765,YFR013W
1766,YFR014C
1767,YFR015C
1768,YFR016C
1769,YFR017C
1770,YFR018C
1771,YFR019W
1772,YFR020W
1773,YFR021W
1774,YFR022W
1775,YFR023W
1776,YFR024C-A
1777,YFR025C
1778,YFR026C
1779,YFR027W
1780,YFR028C
1781,YFR029W
1782,YFR030W
1783,YFR031C
1784,YFR031C-A
1785,YFR033C
1786,YFR034C
1787,YFR035C
1788,YFR036W
1789,YFR037C
1790,YFR038W
1791,YFR039C
1792,YFR040W
1793,YFR041C
1794,YFR042W
1795,YFR043C
1796,YFR044C
1797,YFR045W
1798,YFR046C
1799,YFR047C
1800,YFR048W
1801,YFR049W
1802,YFR050C
1803,YFR051C
1804,YFR052W
1805,YFR053C
1806,YFR053C
1807,YFR055W
1808,YGL001C
1809,YGL002W
1810,YGL003C
1811,YGL004C
1812,YGL005C
1813,YGL006W
1814,YGL007W
1815,YGL008C
1816,YGL009C
1817,YGL010W
1818,YGL011C
1819,YGL012W
1820,YGL013C
1821,YGL014W
1822,YGL016W
1823,YGL017W
1824,YGL018C
1825,YGL019W
1826,YGL020C
1827,YGL021W
1828,YGL022W
1829,YGL023C
1830,YGL025C
1831,YGL026C
1832,YGL027C
1833,YGL028C
1834,YGL029W
1835,YGL030W
1836,YGL031C
1837,YGL035C
1838,YGL036W
1839,YGL037C
1840,YGL038C
1841,YGL039W
1842,YGL040C
1843,YGL041W-A
1844,YGL042C
1845,YGL043W
1846,YGL044C
1847,YGL045W
1848,YGL047W
1849,YGL048C
1850,YGL049C
1851,YGL050W
1852,YGL054C
1853,YGL055W
1854,YGL056C
1855,YGL057C
1856,YGL058W
1857,YGL059W
1858,YGL060W
1859,YGL061C
1860,YGL062W
1861,YGL063W
1862,YGL064C
1863,YGL065C
1864,YGL066W
1865,YGL067W
1866,YGL068W
1867,YGL070C
1868,YGL071W
1869,YGL073W
1870,YGL075C
1871,YGL076C
1872,YGL077C
1873,YGL078C
1874,YGL079W
1875,YGL080W
1876,YGL081W
1877,YGL082W
1878,YGL083W
1879,YGL084C
1880,YGL085W
1881,YGL086W
1882,YGL087C
1883,YGL089C
1884,YGL090W
1885,YGL091C
1886,YGL092W
1887,YGL093W
1888,YGL094C
1889,YGL095C
1890,YGL096W
1891,YGL097W
1892,YGL098W
1893,YGL099W
1894,YGL100W
1895,YGL101W
1896,YGL104C
1897,YGL105W
1898,YGL106W
1899,YGL107C
1900,YGL108C
1901,YGL109W
1902,YGL110C
1903,YGL111W
1904,YGL112C
1905,YGL113W
1906,YGL114W
1907,YGL115W
1908,YGL116W
1909,YGL117W
1910,YGL119W
1911,YGL120C
1912,YGL121C
1913,YGL122C
1914,YGL123W
1915,YGL124C
1916,YGL125W
1917,YGL126W
1918,YGL127C
1919,YGL128C
1920,YGL129C
1921,YGL130W
1922,YGL131C
1923,YGL133W
1924,YGL134W
1925,YGL135W
1926,YGL136C
1927,YGL137W
1928,YGL139W
1929,YGL140C
1930,YGL141W
1931,YGL142C
1932,YGL143C
1933,YGL144C
1934,YGL145W
1935,YGL146C
1936,YGL147C
1937,YGL148W
1938,YGL150C
1939,YGL151W
1940,YGL153W
1941,YGL154C
1942,YGL155W
1943,YGL156W
1944,YGL157W
1945,YGL158W
1946,YGL159W
1947,YGL160W
1948,YGL161C
1949,YGL162W
1950,YGL163C
1951,YGL164C
1952,YGL165C
1953,YGL166W
1954,YGL167C
1955,YGL168W
1956,YGL169W
1957,YGL170C
1958,YGL171W
1959,YGL172W
1960,YGL173C
1961,YGL174W
1962,YGL175C
1963,YGL176C
1964,YGL178W
1965,YGL179C
1966,YGL180W
1967,YGL181W
1968,YGL183C
1969,YGL183C
1970,YGL184C
1971,YGL185C
1972,YGL186C
1973,YGL187C
1974,YGL188C
1975,YGL189C
1976,YGL189C
1977,YGL190C
1978,YGL191W
1979,YGL192W
1980,YGL194C
1981,YGL194C-A
1982,YGL195W
1983,YGL196W
1984,YGL197W
1985,YGL198W
1986,YGL200C
1987,YGL201C
1988,YGL202W
1989,YGL203C
1990,YGL204C
1991,YGL205W
1992,YGL206C
1993,YGL207W
1994,YGL208W
1995,YGL209W
1996,YGL210W
1997,YGL211W
1998,YGL212W
1999,YGL213C
2000,YGL215W
2001,YGL216W
2002,YGL219C
2003,YGL220W
2004,YGL221C
2005,YGL222C
2006,YGL223C
2007,YGL224C
2008,YGL225W
2009,YGL226C-A
2010,YGL226W
2011,YGL227W
2012,YGL228W
2013,YGL229C
2014,YGL230C
2015,YGL231C
2016,YGL232W
2017,YGL233W
2018,YGL234W
2019,YGL236C
2020,YGL237C
2021,YGL238W
2022,YGL240W
2023,YGL241W
2024,YGL242C
2025,YGL243W
2026,YGL244W
2027,YGL245W
2028,YGL246C
2029,YGL247W
2030,YGL248W
2031,YGL249W
2032,YGL250W
2033,YGL251C
2034,YGL252C
2035,YGL253W
2036,YGL254W
2037,YGL255W
2038,YGL256W
2039,YGL257C
2040,YGL258W
2041,YGL258W-A
2042,YGL259W
2043,YGR001C
2044,YGR002C
2045,YGR003W
2046,YGR004W
2047,YGR005C
2048,YGR006W
2049,YGR007W
2050,YGR008C
2051,YGR009C
2052,YGR010W
2053,YGR010W
2054,YGR012W
2055,YGR013W
2056,YGR014W
2057,YGR015C
2058,YGR016W
2059,YGR017W
2060,YGR018C
2061,YGR019W
2062,YGR020C
2063,YGR021W
2064,YGR023W
2065,YGR024C
2066,YGR026W
2067,YGR027C
2068,YGR028W
2069,YGR029W
2070,YGR030C
2071,YGR031W
2072,YGR032W
2073,YGR033C
2074,YGR034W
2075,YGR035C
2076,YGR035W-A
2077,YGR036C
2078,YGR037C
2079,YGR038W
2080,YGR039W
2081,YGR040W
2082,YGR041W
2083,YGR042W
2084,YGR043C
2085,YGR044C
2086,YGR046W
2087,YGR047C
2088,YGR048W
2089,YGR049W
2090,YGR050C
2091,YGR051C
2092,YGR052W
2093,YGR053C
2094,YGR054W
2095,YGR055W
2096,YGR056W
2097,YGR057C
2098,YGR058W
2099,YGR059W
2100,YGR060W
2101,YGR061C
2102,YGR062C
2103,YGR063C
2104,YGR065C
2105,YGR066C
2106,YGR067C
2107,YGR068C
2108,YGR070W
2109,YGR071C
2110,YGR072W
2111,YGR074W
2112,YGR075C
2113,YGR076C
2114,YGR077C
2115,YGR078C
2116,YGR079W
2117,YGR080W
2118,YGR081C
2119,YGR082W
2120,YGR083C
2121,YGR084C
2122,YGR085C
2123,YGR086C
2124,YGR087C
2125,YGR088W
2126,YGR089W
2127,YGR090W
2128,YGR091W
2129,YGR092W
2130,YGR093W
2131,YGR094W
2132,YGR095C
2133,YGR096W
2134,YGR097W
2135,YGR098C
2136,YGR099W
2137,YGR100W
2138,YGR101W
2139,YGR102C
2140,YGR103W
2141,YGR104C
2142,YGR105W
2143,YGR106C
2144,YGR108W
2145,YGR109C
2146,YGR109W-B
2147,YGR109W-B
2148,YGR110W
2149,YGR111W
2150,YGR112W
2151,YGR113W
2152,YGR116W
2153,YGR117C
2154,YGR118W
2155,YGR119C
2156,YGR120C
2157,YGR121C
2158,YGR122C-A
2159,YGR122W
2160,YGR123C
2161,YGR124W
2162,YGR125W
2163,YGR126W
2164,YGR127W
2165,YGR128C
2166,YGR129W
2167,YGR130C
2168,YGR131W
2169,YGR132C
2170,YGR133W
2171,YGR134W
2172,YGR135W
2173,YGR136W
2174,YGR136W
2175,YGR138C
2176,YGR139W
2177,YGR140W
2178,YGR141W
2179,YGR142W
2180,YGR143W
2181,YGR144W
2182,YGR145W
2183,YGR146C
2184,YGR147C
2185,YGR148C
2186,YGR149W
2187,YGR150C
2188,YGR152C
2189,YGR152C
2190,YGR153W
2191,YGR154C
2192,YGR155W
2193,YGR156W
2194,YGR157W
2195,YGR158C
2196,YGR159C
2197,YGR161C
2198,YGR161C-D
2199,YGR161C-D
2200,YGR161W-C
2201,YGR162W
2202,YGR163W
2203,YGR165W
2204,YGR166W
2205,YGR167W
2206,YGR168C
2207,YGR169C
2208,YGR169C-A
2209,YGR170W
2210,YGR171C
2211,YGR172C
2212,YGR173W
2213,YGR174C
2214,YGR174W-A
2215,YGR175C
2216,YGR177C
2217,YGR178C
2218,YGR179C
2219,YGR180C
2220,YGR181W
2221,YGR182C
2222,YGR183C
2223,YGR184C
2224,YGR185C
2225,YGR186W
2226,YGR187C
2227,YGR188C
2228,YGR189C
2229,YGR190C
2230,YGR191W
2231,YGR192C
2232,YGR193C
2233,YGR194C
2234,YGR195W
2235,YGR196C
2236,YGR197C
2237,YGR198W
2238,YGR199W
2239,YGR200C
2240,YGR201C
2241,YGR202C
2242,YGR203W
2243,YGR204W
2244,YGR205W
2245,YGR206W
2246,YGR207C
2247,YGR208W
2248,YGR209C
2249,YGR210C
2250,YGR211W
2251,YGR212W
2252,YGR213C
2253,YGR214W
2254,YGR215W
2255,YGR216C
2256,YGR217W
2257,YGR218W
2258,YGR220C
2259,YGR221C
2260,YGR222W
2261,YGR223C
2262,YGR224W
2263,YGR225W
2264,YGR227W
2265,YGR229C
2266,YGR230W
2267,YGR231C
2268,YGR232W
2269,YGR233C
2270,YGR234W
2271,YGR235C
2272,YGR236C
2273,YGR237C
2274,YGR238C
2275,YGR239C
2276,YGR240C
2277,YGR240C-A
2278,YGR241C
2279,YGR243W
2280,YGR244C
2281,YGR245C
2282,YGR246C
2283,YGR247W
2284,YGR248W
2285,YGR249W
2286,YGR250C
2287,YGR251W
2288,YGR252W
2289,YGR253C
2290,YGR254W
2291,YGR255C
2292,YGR256W
2293,YGR257C
2294,YGR258C
2295,YGR260W
2296,YGR261C
2297,YGR262C
2298,YGR263C
2299,YGR264C
2300,YGR266W
2301,YGR267C
2302,YGR268C
2303,YGR269W
2304,YGR270W
2305,YGR271C-A
2306,YGR271W
2307,YGR274C
2308,YGR275W
2309,YGR276C
2310,YGR277C
2311,YGR278W
2312,YGR279C
2313,YGR280C
2314,YGR281W
2315,YGR282C
2316,YGR283C
2317,YGR284C
2318,YGR285C
2319,YGR286C
2320,YGR287C
2321,YGR288W
2322,YGR289C
2323,YGR295C
2324,YHL001W
2325,YHL002W
2326,YHL003C
2327,YHL004W
2328,YHL006C
2329,YHL006W-A
2330,YHL007C
2331,YHL008C
2332,YHL009C
2333,YHL010C
2334,YHL011C
2335,YHL012W
2336,YHL013C
2337,YHL014C
2338,YHL015W
2339,YHL015W-A
2340,YHL016C
2341,YHL017W
2342,YHL018W
2343,YHL019C
2344,YHL020C
2345,YHL021C
2346,YHL022C
2347,YHL023C
2348,YHL024W
2349,YHL025W
2350,YHL026C
2351,YHL027W
2352,YHL028W
2353,YHL029C
2354,YHL030W
2355,YHL031C
2356,YHL032C
2357,YHL033C
2358,YHL034C
2359,YHL034W-A
2360,YHL035C
2361,YHL036W
2362,YHL038C
2363,YHL039W
2364,YHL040C
2365,YHL042W
2366,YHL043W
2367,YHL044W
2368,YHL047C
2369,YHL048W
2370,YHL050C
2371,YHR001W
2372,YHR001W-A
2373,YHR002W
2374,YHR003C
2375,YHR004C
2376,YHR005C
2377,YHR005C-A
2378,YHR006W
2379,YHR007C
2380,YHR007C-A
2381,YHR008C
2382,YHR009C
2383,YHR010W
2384,YHR011W
2385,YHR012W
2386,YHR013C
2387,YHR014W
2388,YHR015W
2389,YHR016C
2390,YHR017W
2391,YHR018C
2392,YHR019C
2393,YHR020W
2394,YHR021C
2395,YHR021W-A
2396,YHR022C
2397,YHR023W
2398,YHR024C
2399,YHR025W
2400,YHR026W
2401,YHR027C
2402,YHR028C
2403,YHR028W-A
2404,YHR029C
2405,YHR030C
2406,YHR031C
2407,YHR032W
2408,YHR032W-A
2409,YHR033W
2410,YHR034C
2411,YHR035W
2412,YHR036W
2413,YHR037W
2414,YHR038W
2415,YHR039C
2416,YHR039C-A
2417,YHR040W
2418,YHR041C
2419,YHR042W
2420,YHR043C
2421,YHR044C
2422,YHR045W
2423,YHR046C
2424,YHR047C
2425,YHR048W
2426,YHR049C-A
2427,YHR049W
2428,YHR050W
2429,YHR050W-A
2430,YHR051W
2431,YHR052W
2432,YHR054C
2433,YHR056C
2434,YHR057C
2435,YHR058C
2436,YHR059W
2437,YHR060W
2438,YHR061C
2439,YHR062C
2440,YHR063C
2441,YHR063W-A
2442,YHR064C
2443,YHR065C
2444,YHR066W
2445,YHR067W
2446,YHR068W
2447,YHR069C
2448,YHR070C-A
2449,YHR070W
2450,YHR071W
2451,YHR072W
2452,YHR072W-A
2453,YHR073W
2454,YHR073W
2455,YHR074W
2456,YHR075C
2457,YHR076W
2458,YHR077C
2459,YHR078W
2460,YHR079C
2461,YHR080C
2462,YHR081W
2463,YHR082C
2464,YHR083W
2465,YHR084W
2466,YHR085W
2467,YHR086W
2468,YHR087W
2469,YHR088W
2470,YHR089C
2471,YHR090C
2472,YHR091C
2473,YHR092C
2474,YHR093W
2475,YHR094C
2476,YHR096C
2477,YHR097C
2478,YHR098C
2479,YHR099W
2480,YHR100C
2481,YHR101C
2482,YHR102W
2483,YHR103W
2484,YHR104W
2485,YHR105W
2486,YHR106W
2487,YHR107C
2488,YHR108W
2489,YHR109W
2490,YHR110W
2491,YHR111W
2492,YHR112C
2493,YHR113W
2494,YHR114W
2495,YHR115C
2496,YHR116W
2497,YHR117W
2498,YHR118C
2499,YHR119W
2500,YHR120W
2501,YHR121W
2502,YHR122W
2503,YHR123W
2504,YHR124W
2505,YHR127W
2506,YHR128W
2507,YHR129C
2508,YHR130C
2509,YHR131C
2510,YHR132C
2511,YHR132W-A
2512,YHR133C
2513,YHR134W
2514,YHR135C
2515,YHR136C
2516,YHR137W
2517,YHR138C
2518,YHR139C
2519,YHR139C-A
2520,YHR140W
2521,YHR141C
2522,YHR142W
2523,YHR143W
2524,YHR143W-A
2525,YHR144C
2526,YHR146W
2527,YHR147C
2528,YHR148W
2529,YHR149C
2530,YHR150W
2531,YHR151C
2532,YHR152W
2533,YHR154W
2534,YHR155W
2535,YHR156C
2536,YHR157W
2537,YHR158C
2538,YHR159W
2539,YHR160C
2540,YHR161C
2541,YHR162W
2542,YHR163W
2543,YHR164C
2544,YHR165C
2545,YHR166C
2546,YHR167W
2547,YHR168W
2548,YHR169W
2549,YHR170W
2550,YHR171W
2551,YHR172W
2552,YHR173C
2553,YHR174W
2554,YHR175W
2555,YHR175W-A
2556,YHR176W
2557,YHR177W
2558,YHR178W
2559,YHR179W
2560,YHR180W
2561,YHR181W
2562,YHR182W
2563,YHR183W
2564,YHR184W
2565,YHR186C
2566,YHR187W
2567,YHR188C
2568,YHR189W
2569,YHR190W
2570,YHR191C
2571,YHR192W
2572,YHR193C
2573,YHR194W
2574,YHR195W
2575,YHR196W
2576,YHR197W
2577,YHR198C
2578,YHR199C
2579,YHR199C-A
2580,YHR200W
2581,YHR201C
2582,YHR202W
2583,YHR203C
2584,YHR204W
2585,YHR205W
2586,YHR206W
2587,YHR207C
2588,YHR208W
2589,YHR209W
2590,YHR210C
2591,YHR211W
2592,YHR214C-B
2593,YHR214C-B
2594,YHR215W
2595,YHR216W
2596,YIL001W
2597,YIL002C
2598,YIL002W-A
2599,YIL003W
2600,YIL004C
2601,YIL005W
2602,YIL006W
2603,YIL007C
2604,YIL008W
2605,YIL009C-A
2606,YIL009W
2607,YIL010W
2608,YIL011W
2609,YIL013C
2610,YIL014W
2611,YIL015W
2612,YIL016W
2613,YIL017C
2614,YIL018W
2615,YIL019W
2616,YIL020C
2617,YIL020C
2618,YIL021W
2619,YIL022W
2620,YIL023C
2621,YIL024C
2622,YIL026C
2623,YIL027C
2624,YIL028W
2625,YIL029C
2626,YIL030C
2627,YIL031W
2628,YIL031W
2629,YIL033C
2630,YIL034C
2631,YIL035C
2632,YIL036W
2633,YIL037C
2634,YIL038C
2635,YIL039W
2636,YIL040W
2637,YIL041W
2638,YIL042C
2639,YIL043C
2640,YIL044C
2641,YIL045W
2642,YIL046W
2643,YIL047C
2644,YIL047C
2645,YIL048W
2646,YIL049W
2647,YIL050W
2648,YIL051C
2649,YIL052C
2650,YIL053W
2651,YIL055C
2652,YIL056W
2653,YIL058W
2654,YIL061C
2655,YIL062C
2656,YIL063C
2657,YIL064W
2658,YIL065C
2659,YIL066C
2660,YIL067C
2661,YIL068C
2662,YIL069C
2663,YIL070C
2664,YIL071C
2665,YIL071W-A
2666,YIL072W
2667,YIL073C
2668,YIL074C
2669,YIL075C
2670,YIL076W
2671,YIL077C
2672,YIL078W
2673,YIL079C
2674,YIL083C
2675,YIL084C
2676,YIL085C
2677,YIL086C
2678,YIL087C
2679,YIL088C
2680,YIL089W
2681,YIL090W
2682,YIL091C
2683,YIL092W
2684,YIL093C
2685,YIL094C
2686,YIL095W
2687,YIL096C
2688,YIL097W
2689,YIL098C
2690,YIL099W
2691,YIL101C
2692,YIL102C-A
2693,YIL103W
2694,YIL104C
2695,YIL105C
2696,YIL106W
2697,YIL107C
2698,YIL108W
2699,YIL109C
2700,YIL110W
2701,YIL111W
2702,YIL112W
2703,YIL113W
2704,YIL114C
2705,YIL115C
2706,YIL116W
2707,YIL117C
2708,YIL118W
2709,YIL119C
2710,YIL120W
2711,YIL121W
2712,YIL122W
2713,YIL123W
2714,YIL124W
2715,YIL125W
2716,YIL126W
2717,YIL127C
2718,YIL128W
2719,YIL129C
2720,YIL130W
2721,YIL131C
2722,YIL132C
2723,YIL133C
2724,YIL134W
2725,YIL135C
2726,YIL136W
2727,YIL137C
2728,YIL138C
2729,YIL139C
2730,YIL140W
2731,YIL140W
2732,YIL142W
2733,YIL143C
2734,YIL144W
2735,YIL145C
2736,YIL146C
2737,YIL147C
2738,YIL148W
2739,YIL149C
2740,YIL150C
2741,YIL151C
2742,YIL152W
2743,YIL153W
2744,YIL154C
2745,YIL155C
2746,YIL156W
2747,YIL157C
2748,YIL158W
2749,YIL159W
2750,YIL160C
2751,YIL161W
2752,YIL162W
2753,YIL163C
2754,YIL164C
2755,YIL165C
2756,YIL166C
2757,YIL167W
2758,YIL168W
2759,YIL169C
2760,YIL170W
2761,YIL171W
2762,YIL173W
2763,YIR001C
2764,YIR002C
2765,YIR003W
2766,YIR004W
2767,YIR005W
2768,YIR006C
2769,YIR007W
2770,YIR008C
2771,YIR009W
2772,YIR010W
2773,YIR011C
2774,YIR012W
2775,YIR014W
2776,YIR015W
2777,YIR016W
2778,YIR018C-A
2779,YIR018W
2780,YIR019C
2781,YIR021W
2782,YIR022W
2783,YIR023W
2784,YIR024C
2785,YIR025W
2786,YIR026C
2787,YIR027C
2788,YIR028W
2789,YIR029W
2790,YIR030C
2791,YIR031C
2792,YIR032C
2793,YIR033W
2794,YIR034C
2795,YIR035C
2796,YIR036C
2797,YIR037W
2798,YIR038C
2799,YIR039C
2800,YIR042C
2801,YJL001W
2802,YJL002C
2803,YJL003W
2804,YJL004C
2805,YJL005W
2806,YJL006C
2807,YJL008C
2808,YJL009W
2809,YJL010C
2810,YJL011C
2811,YJL012C
2812,YJL013C
2813,YJL014W
2814,YJL015C
2815,YJL016W
2816,YJL019W
2817,YJL020C
2818,YJL023C
2819,YJL024C
2820,YJL025W
2821,YJL026W
2822,YJL029C
2823,YJL030W
2824,YJL031C
2825,YJL033W
2826,YJL034W
2827,YJL035C
2828,YJL036W
2829,YJL037W
2830,YJL038C
2831,YJL039C
2832,YJL041W
2833,YJL042W
2834,YJL044C
2835,YJL045W
2836,YJL046W
2837,YJL047C
2838,YJL048C
2839,YJL049W
2840,YJL050W
2841,YJL051W
2842,YJL052W
2843,YJL053W
2844,YJL054W
2845,YJL055W
2846,YJL056C
2847,YJL057C
2848,YJL058C
2849,YJL059W
2850,YJL060W
2851,YJL061W
2852,YJL062W
2853,YJL062W-A
2854,YJL063C
2855,YJL065C
2856,YJL066C
2857,YJL068C
2858,YJL069C
2859,YJL070C
2860,YJL071W
2861,YJL072C
2862,YJL073W
2863,YJL074C
2864,YJL076W
2865,YJL077C
2866,YJL077W-B
2867,YJL078C
2868,YJL079C
2869,YJL080C
2870,YJL081C
2871,YJL082W
2872,YJL083W
2873,YJL084C
2874,YJL085W
2875,YJL087C
2876,YJL087C
2877,YJL088W
2878,YJL089W
2879,YJL090C
2880,YJL091C
2881,YJL092W
2882,YJL093C
2883,YJL094C
2884,YJL095W
2885,YJL096W
2886,YJL097W
2887,YJL098W
2888,YJL099W
2889,YJL100W
2890,YJL101C
2891,YJL102W
2892,YJL103C
2893,YJL104W
2894,YJL105W
2895,YJL106W
2896,YJL107C
2897,YJL107C
2898,YJL109C
2899,YJL110C
2900,YJL111W
2901,YJL112W
2902,YJL113W
2903,YJL113W
2904,YJL115W
2905,YJL116C
2906,YJL117W
2907,YJL118W
2908,YJL121C
2909,YJL122W
2910,YJL123C
2911,YJL124C
2912,YJL125C
2913,YJL126W
2914,YJL127C
2915,YJL127C-B
2916,YJL127W-A
2917,YJL128C
2918,YJL129C
2919,YJL130C
2920,YJL131C
2921,YJL132W
2922,YJL133C-A
2923,YJL133W
2924,YJL134W
2925,YJL134W
2926,YJL136C
2927,YJL137C
2928,YJL138C
2929,YJL139C
2930,YJL140W
2931,YJL141C
2932,YJL141C
2933,YJL143W
2934,YJL144W
2935,YJL145W
2936,YJL146W
2937,YJL147C
2938,YJL148W
2939,YJL149W
2940,YJL149W
2941,YJL151C
2942,YJL153C
2943,YJL154C
2944,YJL155C
2945,YJL156C
2946,YJL156W-A
2947,YJL157C
2948,YJL158C
2949,YJL159W
2950,YJL160C
2951,YJL161W
2952,YJL162C
2953,YJL163C
2954,YJL164C
2955,YJL165C
2956,YJL166W
2957,YJL167W
2958,YJL168C
2959,YJL170C
2960,YJL171C
2961,YJL172W
2962,YJL173C
2963,YJL174W
2964,YJL176C
2965,YJL177W
2966,YJL178C
2967,YJL179W
2968,YJL180C
2969,YJL181W
2970,YJL183W
2971,YJL184W
2972,YJL185C
2973,YJL186W
2974,YJL187C
2975,YJL188C
2976,YJL190C
2977,YJL191W
2978,YJL192C
2979,YJL193W
2980,YJL194W
2981,YJL196C
2982,YJL197W
2983,YJL198W
2984,YJL199C
2985,YJL200C
2986,YJL201W
2987,YJL202C
2988,YJL203W
2989,YJL204C
2990,YJL205C
2991,YJL206C
2992,YJL207C
2993,YJL208C
2994,YJL209W
2995,YJL210W
2996,YJL212C
2997,YJL213W
2998,YJL214W
2999,YJL216C
3000,YJL217W
3001,YJL218W
3002,YJL219W
3003,YJL222W
3004,YJR001W
3005,YJR002W
3006,YJR003C
3007,YJR004C
3008,YJR005C-A
3009,YJR005W
3010,YJR006W
3011,YJR007W
3012,YJR008W
3013,YJR009C
3014,YJR010C-A
3015,YJR010W
3016,YJR011C
3017,YJR012C
3018,YJR013W
3019,YJR014W
3020,YJR015W
3021,YJR016C
3022,YJR017C
3023,YJR019C
3024,YJR021C
3025,YJR024C
3026,YJR025C
3027,YJR027W
3028,YJR027W
3029,YJR030C
3030,YJR031C
3031,YJR032W
3032,YJR033C
3033,YJR034W
3034,YJR035W
3035,YJR036C
3036,YJR039W
3037,YJR040W
3038,YJR041C
3039,YJR042W
3040,YJR043C
3041,YJR044C
3042,YJR045C
3043,YJR046W
3044,YJR047C
3045,YJR048W
3046,YJR049C
3047,YJR050W
3048,YJR051W
3049,YJR052W
3050,YJR053W
3051,YJR054W
3052,YJR055W
3053,YJR056C
3054,YJR057W
3055,YJR058C
3056,YJR059W
3057,YJR060W
3058,YJR061W
3059,YJR062C
3060,YJR063W
3061,YJR064W
3062,YJR065C
3063,YJR066W
3064,YJR067C
3065,YJR068W
3066,YJR069C
3067,YJR070C
3068,YJR072C
3069,YJR073C
3070,YJR074W
3071,YJR075W
3072,YJR076C
3073,YJR077C
3074,YJR078W
3075,YJR078W
3076,YJR080C
3077,YJR082C
3078,YJR083C
3079,YJR084W
3080,YJR085C
3081,YJR088C
3082,YJR089W
3083,YJR090C
3084,YJR091C
3085,YJR092W
3086,YJR093C
3087,YJR094C
3088,YJR094W-A
3089,YJR095W
3090,YJR096W
3091,YJR097W
3092,YJR098C
3093,YJR099W
3094,YJR100C
3095,YJR101W
3096,YJR102C
3097,YJR103W
3098,YJR104C
3099,YJR105W
3100,YJR106W
3101,YJR107W
3102,YJR108W
3103,YJR109C
3104,YJR110W
3105,YJR111C
3106,YJR112W
3107,YJR112W-A
3108,YJR113C
3109,YJR115W
3110,YJR116W
3111,YJR117W
3112,YJR118C
3113,YJR119C
3114,YJR120W
3115,YJR121W
3116,YJR122W
3117,YJR123W
3118,YJR124C
3119,YJR125C
3120,YJR126C
3121,YJR127C
3122,YJR129C
3123,YJR130C
3124,YJR131W
3125,YJR132W
3126,YJR133W
3127,YJR134C
3128,YJR135C
3129,YJR135W-A
3130,YJR136C
3131,YJR137C
3132,YJR138W
3133,YJR139C
3134,YJR140C
3135,YJR141W
3136,YJR142W
3137,YJR143C
3138,YJR144W
3139,YJR145C
3140,YJR147W
3141,YJR147W
3142,YJR148W
3143,YJR149W
3144,YJR150C
3145,YJR151C
3146,YJR152W
3147,YJR153W
3148,YJR154W
3149,YJR155W
3150,YJR156C
3151,YJR160C
3152,YJR161C
3153,YKL001C
3154,YKL002W
3155,YKL003C
3156,YKL004W
3157,YKL005C
3158,YKL006C-A
3159,YKL006W
3160,YKL007W
3161,YKL008C
3162,YKL009W
3163,YKL010C
3164,YKL011C
3165,YKL012W
3166,YKL013C
3167,YKL014C
3168,YKL015W
3169,YKL016C
3170,YKL017C
3171,YKL018C-A
3172,YKL018W
3173,YKL019W
3174,YKL020C
3175,YKL021C
3176,YKL022C
3177,YKL023C-A
3178,YKL023W
3179,YKL024C
3180,YKL025C
3181,YKL026C
3182,YKL027W
3183,YKL028W
3184,YKL029C
3185,YKL030W
3186,YKL032C
3187,YKL033W
3188,YKL033W-A
3189,YKL034W
3190,YKL035W
3191,YKL037W
3192,YKL038W
3193,YKL039W
3194,YKL040C
3195,YKL041W
3196,YKL042W
3197,YKL043W
3198,YKL044W
3199,YKL045W
3200,YKL046C
3201,YKL047W
3202,YKL048C
3203,YKL049C
3204,YKL050C
3205,YKL051W
3206,YKL052C
3207,YKL053C-A
3208,YKL054C
3209,YKL055C
3210,YKL056C
3211,YKL057C
3212,YKL058W
3213,YKL059C
3214,YKL060C
3215,YKL061W
3216,YKL062W
3217,YKL063C
3218,YKL064W
3219,YKL065C
3220,YKL065W-A
3221,YKL066W
3222,YKL067W
3223,YKL068W
3224,YKL068W-A
3225,YKL069W
3226,YKL070W
3227,YKL071W
3228,YKL072W
3229,YKL073W
3230,YKL074C
3231,YKL075C
3232,YKL075C
3233,YKL077W
3234,YKL078W
3235,YKL079W
3236,YKL080W
3237,YKL081W
3238,YKL082C
3239,YKL084W
3240,YKL085W
3241,YKL086W
3242,YKL087C
3243,YKL088W
3244,YKL089W
3245,YKL090W
3246,YKL091C
3247,YKL092C
3248,YKL093W
3249,YKL094W
3250,YKL095W
3251,YKL096W
3252,YKL096W-A
3253,YKL098W
3254,YKL099C
3255,YKL100C
3256,YKL101W
3257,YKL102C
3258,YKL103C
3259,YKL104C
3260,YKL105C
3261,YKL106W
3262,YKL107W
3263,YKL108W
3264,YKL109W
3265,YKL110C
3266,YKL112W
3267,YKL113C
3268,YKL114C
3269,YKL116C
3270,YKL116C
3271,YKL117W
3272,YKL119C
3273,YKL120W
3274,YKL121W
3275,YKL122C
3276,YKL124W
3277,YKL124W
3278,YKL125W
3279,YKL126W
3280,YKL127W
3281,YKL128C
3282,YKL129C
3283,YKL130C
3284,YKL132C
3285,YKL133C
3286,YKL134C
3287,YKL135C
3288,YKL136W
3289,YKL137W
3290,YKL138C
3291,YKL138C-A
3292,YKL139W
3293,YKL140W
3294,YKL141W
3295,YKL142W
3296,YKL143W
3297,YKL144C
3298,YKL145W
3299,YKL145W
3300,YKL146W
3301,YKL148C
3302,YKL149C
3303,YKL150W
3304,YKL151C
3305,YKL152C
3306,YKL153W
3307,YKL154W
3308,YKL155C
3309,YKL156W
3310,YKL157W
3311,YKL159C
3312,YKL160W
3313,YKL161C
3314,YKL162C
3315,YKL162C-A
3316,YKL163W
3317,YKL164C
3318,YKL165C
3319,YKL165C-A
3320,YKL166C
3321,YKL167C
3322,YKL168C
3323,YKL169C
3324,YKL171W
3325,YKL172W
3326,YKL173W
3327,YKL174C
3328,YKL175W
3329,YKL176C
3330,YKL178C
3331,YKL179C
3332,YKL180W
3333,YKL181W
3334,YKL182W
3335,YKL183W
3336,YKL184W
3337,YKL185W
3338,YKL186C
3339,YKL187C
3340,YKL188C
3341,YKL189W
3342,YKL190W
3343,YKL191W
3344,YKL192C
3345,YKL193C
3346,YKL194C
3347,YKL195W
3348,YKL196C
3349,YKL197C
3350,YKL198C
3351,YKL201C
3352,YKL202W
3353,YKL203C
3354,YKL204W
3355,YKL205W
3356,YKL206C
3357,YKL207W
3358,YKL208W
3359,YKL209C
3360,YKL210W
3361,YKL211C
3362,YKL212W
3363,YKL213C
3364,YKL214C
3365,YKL215C
3366,YKL216W
3367,YKL217W
3368,YKL218C
3369,YKL219W
3370,YKL220C
3371,YKL221W
3372,YKL222C
3373,YKR001C
3374,YKR002W
3375,YKR003W
3376,YKR004C
3377,YKR005C
3378,YKR006C
3379,YKR007W
3380,YKR008W
3381,YKR009C
3382,YKR010C
3383,YKR011C
3384,YKR013W
3385,YKR014C
3386,YKR015C
3387,YKR016W
3388,YKR017C
3389,YKR018C
3390,YKR019C
3391,YKR020W
3392,YKR021W
3393,YKR022C
3394,YKR023W
3395,YKR024C
3396,YKR025W
3397,YKR026C
3398,YKR027W
3399,YKR028W
3400,YKR029C
3401,YKR030W
3402,YKR031C
3403,YKR034W
3404,YKR036C
3405,YKR037C
3406,YKR038C
3407,YKR039W
3408,YKR042W
3409,YKR043C
3410,YKR044W
3411,YKR045C
3412,YKR046C
3413,YKR047W
3414,YKR048C
3415,YKR049C
3416,YKR050W
3417,YKR051W
3418,YKR052C
3419,YKR053C
3420,YKR054C
3421,YKR055W
3422,YKR056W
3423,YKR057W
3424,YKR058W
3425,YKR059W
3426,YKR060W
3427,YKR061W
3428,YKR062W
3429,YKR063C
3430,YKR064W
3431,YKR065C
3432,YKR066C
3433,YKR067W
3434,YKR068C
3435,YKR069W
3436,YKR070W
3437,YKR071C
3438,YKR072C
3439,YKR074W
3440,YKR075C
3441,YKR076W
3442,YKR077W
3443,YKR078W
3444,YKR079C
3445,YKR080W
3446,YKR081C
3447,YKR082W
3448,YKR083C
3449,YKR084C
3450,YKR085C
3451,YKR086W
3452,YKR087C
3453,YKR088C
3454,YKR089C
3455,YKR090W
3456,YKR091W
3457,YKR092C
3458,YKR093W
3459,YKR094C
3460,YKR095W
3461,YKR095W-A
3462,YKR096W
3463,YKR097W
3464,YKR098C
3465,YKR099W
3466,YKR100C
3467,YKR101W
3468,YKR102W
3469,YKR103W
3470,YKR104W
3471,YKR105C
3472,YKR106W
3473,YLL001W
3474,YLL002W
3475,YLL003W
3476,YLL004W
3477,YLL005C
3478,YLL006W
3479,YLL007C
3480,YLL008W
3481,YLL009C
3482,YLL010C
3483,YLL011W
3484,YLL012W
3485,YLL013C
3486,YLL014W
3487,YLL015W
3488,YLL016W
3489,YLL017W
3490,YLL018C
3491,YLL018C-A
3492,YLL019C
3493,YLL019C
3494,YLL021W
3495,YLL022C
3496,YLL023C
3497,YLL024C
3498,YLL025W
3499,YLL026W
3500,YLL027W
3501,YLL028W
3502,YLL029W
3503,YLL031C
3504,YLL032C
3505,YLL033W
3506,YLL034C
3507,YLL035W
3508,YLL036C
3509,YLL038C
3510,YLL039C
3511,YLL040C
3512,YLL041C
3513,YLL042C
3514,YLL043W
3515,YLL045C
3516,YLL048C
3517,YLL049W
3518,YLL050C
3519,YLL051C
3520,YLL053C
3521,YLL053C
3522,YLL054C
3523,YLL055W
3524,YLL056C
3525,YLL057C
3526,YLL058W
3527,YLL059C
3528,YLL060C
3529,YLL061W
3530,YLL062C
3531,YLL063C
3532,YLR001C
3533,YLR002C
3534,YLR003C
3535,YLR004C
3536,YLR005W
3537,YLR006C
3538,YLR007W
3539,YLR008C
3540,YLR009W
3541,YLR010C
3542,YLR011W
3543,YLR014C
3544,YLR015W
3545,YLR016C
3546,YLR017W
3547,YLR018C
3548,YLR019W
3549,YLR020C
3550,YLR021W
3551,YLR022C
3552,YLR023C
3553,YLR024C
3554,YLR025W
3555,YLR026C
3556,YLR027C
3557,YLR028C
3558,YLR029C
3559,YLR030W
3560,YLR031W
3561,YLR032W
3562,YLR033W
3563,YLR034C
3564,YLR035C
3565,YLR036C
3566,YLR037C
3567,YLR038C
3568,YLR039C
3569,YLR040C
3570,YLR042C
3571,YLR043C
3572,YLR044C
3573,YLR045C
3574,YLR046C
3575,YLR047C
3576,YLR048W
3577,YLR049C
3578,YLR050C
3579,YLR051C
3580,YLR052W
3581,YLR053C
3582,YLR054C
3583,YLR055C
3584,YLR056W
3585,YLR057W
3586,YLR058C
3587,YLR059C
3588,YLR060W
3589,YLR063W
3590,YLR064W
3591,YLR065C
3592,YLR066W
3593,YLR067C
3594,YLR068W
3595,YLR069C
3596,YLR070C
3597,YLR071C
3598,YLR072W
3599,YLR073C
3600,YLR074C
3601,YLR075W
3602,YLR077W
3603,YLR078C
3604,YLR079W
3605,YLR080W
3606,YLR081W
3607,YLR082C
3608,YLR083C
3609,YLR084C
3610,YLR085C
3611,YLR086W
3612,YLR087C
3613,YLR088W
3614,YLR089C
3615,YLR090W
3616,YLR091W
3617,YLR092W
3618,YLR093C
3619,YLR094C
3620,YLR095C
3621,YLR096W
3622,YLR097C
3623,YLR098C
3624,YLR099C
3625,YLR099W-A
3626,YLR100W
3627,YLR102C
3628,YLR103C
3629,YLR104W
3630,YLR105C
3631,YLR106C
3632,YLR107W
3633,YLR108C
3634,YLR109W
3635,YLR110C
3636,YLR113W
3637,YLR114C
3638,YLR115W
3639,YLR116W
3640,YLR117C
3641,YLR118C
3642,YLR119W
3643,YLR120C
3644,YLR120W-A
3645,YLR121C
3646,YLR125W
3647,YLR126C
3648,YLR127C
3649,YLR128W
3650,YLR129W
3651,YLR130C
3652,YLR131C
3653,YLR132C
3654,YLR133W
3655,YLR134W
3656,YLR135W
3657,YLR136C
3658,YLR137W
3659,YLR138W
3660,YLR139C
3661,YLR141W
3662,YLR141W
3663,YLR142W
3664,YLR143W
3665,YLR144C
3666,YLR145W
3667,YLR146C
3668,YLR146W-A
3669,YLR147C
3670,YLR148W
3671,YLR149C
3672,YLR150W
3673,YLR151C
3674,YLR152C
3675,YLR153C
3676,YLR154C
3677,YLR163C
3678,YLR164W
3679,YLR165C
3680,YLR166C
3681,YLR167W
3682,YLR168C
3683,YLR169W
3684,YLR172C
3685,YLR173W
3686,YLR174W
3687,YLR175W
3688,YLR176C
3689,YLR177W
3690,YLR178C
3691,YLR179C
3692,YLR180W
3693,YLR181C
3694,YLR182W
3695,YLR183C
3696,YLR185W
3697,YLR186W
3698,YLR187W
3699,YLR188W
3700,YLR189C
3701,YLR190W
3702,YLR191W
3703,YLR192C
3704,YLR193C
3705,YLR194C
3706,YLR195C
3707,YLR196W
3708,YLR197W
3709,YLR199C
3710,YLR200W
3711,YLR201C
3712,YLR201C
3713,YLR203C
3714,YLR204W
3715,YLR205C
3716,YLR206W
3717,YLR207W
3718,YLR208W
3719,YLR209C
3720,YLR210W
3721,YLR211C
3722,YLR212C
3723,YLR213C
3724,YLR214W
3725,YLR215C
3726,YLR216C
3727,YLR218C
3728,YLR219W
3729,YLR220W
3730,YLR221C
3731,YLR222C
3732,YLR223C
3733,YLR223C
3734,YLR224W
3735,YLR225C
3736,YLR226W
3737,YLR227C
3738,YLR228C
3739,YLR229C
3740,YLR230W
3741,YLR231C
3742,YLR233C
3743,YLR234W
3744,YLR237W
3745,YLR238W
3746,YLR239C
3747,YLR240W
3748,YLR241W
3749,YLR242C
3750,YLR243W
3751,YLR244C
3752,YLR245C
3753,YLR246W
3754,YLR247C
3755,YLR248W
3756,YLR249W
3757,YLR250W
3758,YLR251W
3759,YLR251W
3760,YLR253W
3761,YLR254C
3762,YLR256W
3763,YLR257W
3764,YLR258W
3765,YLR259C
3766,YLR260W
3767,YLR262C
3768,YLR262C
3769,YLR262C-A
3770,YLR263W
3771,YLR264C-A
3772,YLR264W
3773,YLR265C
3774,YLR266C
3775,YLR267W
3776,YLR268W
3777,YLR269C
3778,YLR270W
3779,YLR271W
3780,YLR272C
3781,YLR273C
3782,YLR274W
3783,YLR275W
3784,YLR276C
3785,YLR277C
3786,YLR278C
3787,YLR279W
3788,YLR283W
3789,YLR284C
3790,YLR285C-A
3791,YLR285W
3792,YLR286C
3793,YLR287C
3794,YLR287C-A
3795,YLR288C
3796,YLR289W
3797,YLR290C
3798,YLR291C
3799,YLR292C
3800,YLR293C
3801,YLR295C
3802,YLR295C
3803,YLR297W
3804,YLR298C
3805,YLR299W
3806,YLR300W
3807,YLR301W
3808,YLR303W
3809,YLR304C
3810,YLR305C
3811,YLR306W
3812,YLR307C-A
3813,YLR309C
3814,YLR310C
3815,YLR312C
3816,YLR312W-A
3817,YLR313C
3818,YLR314C
3819,YLR315W
3820,YLR316C
3821,YLR318W
3822,YLR319C
3823,YLR320W
3824,YLR321C
3825,YLR323C
3826,YLR324W
3827,YLR325C
3828,YLR326W
3829,YLR327C
3830,YLR328W
3831,YLR329W
3832,YLR330W
3833,YLR332W
3834,YLR333C
3835,YLR335W
3836,YLR336C
3837,YLR337C
3838,YLR340W
3839,YLR341W
3840,YLR342W
3841,YLR342W-A
3842,YLR343W
3843,YLR344W
3844,YLR345W
3845,YLR346C
3846,YLR347C
3847,YLR348C
3848,YLR350W
3849,YLR351C
3850,YLR352W
3851,YLR353W
3852,YLR354C
3853,YLR355C
3854,YLR356W
3855,YLR357W
3856,YLR358C
3857,YLR359W
3858,YLR360W
3859,YLR361C
3860,YLR361C-A
3861,YLR362W
3862,YLR363C
3863,YLR363W-A
3864,YLR364W
3865,YLR367W
3866,YLR368W
3867,YLR369W
3868,YLR370C
3869,YLR371W
3870,YLR372W
3871,YLR373C
3872,YLR375W
3873,YLR376C
3874,YLR377C
3875,YLR378C
3876,YLR379W
3877,YLR380W
3878,YLR381W
3879,YLR382C
3880,YLR383W
3881,YLR384C
3882,YLR386W
3883,YLR387C
3884,YLR388W
3885,YLR389C
3886,YLR390W
3887,YLR390W-A
3888,YLR392C
3889,YLR393W
3890,YLR394W
3891,YLR395C
3892,YLR396C
3893,YLR397C
3894,YLR398C
3895,YLR399C
3896,YLR401C
3897,YLR403W
3898,YLR404W
3899,YLR405W
3900,YLR406C
3901,YLR407W
3902,YLR408C
3903,YLR409C
3904,YLR410W
3905,YLR410W-B
3906,YLR410W-B
3907,YLR411W
3908,YLR412W
3909,YLR413W
3910,YLR414C
3911,YLR417W
3912,YLR418C
3913,YLR419W
3914,YLR420W
3915,YLR421C
3916,YLR422W
3917,YLR423C
3918,YLR424W
3919,YLR425W
3920,YLR426W
3921,YLR427W
3922,YLR429W
3923,YLR430W
3924,YLR431C
3925,YLR432W
3926,YLR433C
3927,YLR435W
3928,YLR436C
3929,YLR437C
3930,YLR438C-A
3931,YLR438W
3932,YLR439W
3933,YLR440C
3934,YLR441C
3935,YLR442C
3936,YLR443W
3937,YLR446W
3938,YLR447C
3939,YLR448W
3940,YLR449W
3941,YLR450W
3942,YLR451W
3943,YLR452C
3944,YLR453C
3945,YLR454W
3946,YLR455W
3947,YLR456W
3948,YLR457C
3949,YLR459W
3950,YLR460C
3951,YLR461W
3952,YML001W
3953,YML002W
3954,YML003W
3955,YML004C
3956,YML005W
3957,YML006C
3958,YML007C-A
3959,YML007W
3960,YML008C
3961,YML009C
3962,YML009C-A
3963,YML010W
3964,YML010W
3965,YML011C
3966,YML012W
3967,YML013W
3968,YML014W
3969,YML015C
3970,YML016C
3971,YML017W
3972,YML018C
3973,YML019W
3974,YML020W
3975,YML021C
3976,YML022W
3977,YML023C
3978,YML024W
3979,YML025C
3980,YML026C
3981,YML027W
3982,YML028W
3983,YML029W
3984,YML030W
3985,YML031W
3986,YML032C
3987,YML034W
3988,YML035C
3989,YML036W
3990,YML037C
3991,YML038C
3992,YML041C
3993,YML042W
3994,YML043C
3995,YML046W
3996,YML048W
3997,YML049C
3998,YML050W
3999,YML051W
4000,YML052W
4001,YML053C
4002,YML054C
4003,YML055W
4004,YML056C
4005,YML057W
4006,YML058W
4007,YML058W-A
4008,YML059C
4009,YML060W
4010,YML061C
4011,YML062C
4012,YML063W
4013,YML064C
4014,YML065W
4015,YML066C
4016,YML067C
4017,YML068W
4018,YML069W
4019,YML070W
4020,YML071C
4021,YML072C
4022,YML073C
4023,YML074C
4024,YML075C
4025,YML076C
4026,YML077W
4027,YML078W
4028,YML079W
4029,YML080W
4030,YML081C-A
4031,YML081W
4032,YML082W
4033,YML083C
4034,YML085C
4035,YML086C
4036,YML087C
4037,YML088W
4038,YML091C
4039,YML092C
4040,YML093W
4041,YML094W
4042,YML095C
4043,YML096W
4044,YML097C
4045,YML098W
4046,YML099C
4047,YML099W-A
4048,YML100W
4049,YML101C
4050,YML102W
4051,YML103C
4052,YML104C
4053,YML105C
4054,YML106W
4055,YML107C
4056,YML108W
4057,YML109W
4058,YML110C
4059,YML111W
4060,YML112W
4061,YML113W
4062,YML114C
4063,YML115C
4064,YML116W
4065,YML117W
4066,YML117W
4067,YML118W
4068,YML119W
4069,YML120C
4070,YML121W
4071,YML122C
4072,YML123C
4073,YML124C
4074,YML125C
4075,YML126C
4076,YML127W
4077,YML128C
4078,YML129C
4079,YML130C
4080,YML131W
4081,YMR001C
4082,YMR002W
4083,YMR003W
4084,YMR004W
4085,YMR005W
4086,YMR006C
4087,YMR007W
4088,YMR008C
4089,YMR009W
4090,YMR010W
4091,YMR011W
4092,YMR012W
4093,YMR013C
4094,YMR013C
4095,YMR014W
4096,YMR015C
4097,YMR016C
4098,YMR017W
4099,YMR018W
4100,YMR019W
4101,YMR020W
4102,YMR021C
4103,YMR022W
4104,YMR023C
4105,YMR024W
4106,YMR025W
4107,YMR026C
4108,YMR027W
4109,YMR028W
4110,YMR029C
4111,YMR030W
4112,YMR031C
4113,YMR032W
4114,YMR033W
4115,YMR034C
4116,YMR035W
4117,YMR036C
4118,YMR037C
4119,YMR038C
4120,YMR039C
4121,YMR040W
4122,YMR041C
4123,YMR042W
4124,YMR043W
4125,YMR044W
4126,YMR047C
4127,YMR048W
4128,YMR049C
4129,YMR052W
4130,YMR053C
4131,YMR053C
4132,YMR054W
4133,YMR055C
4134,YMR056C
4135,YMR057C
4136,YMR058W
4137,YMR059W
4138,YMR060C
4139,YMR061W
4140,YMR062C
4141,YMR063W
4142,YMR064W
4143,YMR065W
4144,YMR066W
4145,YMR067C
4146,YMR068W
4147,YMR070W
4148,YMR071C
4149,YMR072W
4150,YMR073C
4151,YMR074C
4152,YMR075W
4153,YMR076C
4154,YMR077C
4155,YMR078C
4156,YMR079W
4157,YMR080C
4158,YMR081C
4159,YMR083W
4160,YMR084W
4161,YMR085W
4162,YMR086C-A
4163,YMR086W
4164,YMR087W
4165,YMR088C
4166,YMR089C
4167,YMR090W
4168,YMR091C
4169,YMR092C
4170,YMR093W
4171,YMR094W
4172,YMR095C
4173,YMR096W
4174,YMR097C
4175,YMR098C
4176,YMR099C
4177,YMR100W
4178,YMR101C
4179,YMR102C
4180,YMR103C
4181,YMR104C
4182,YMR105C
4183,YMR106C
4184,YMR107W
4185,YMR108W
4186,YMR109W
4187,YMR110C
4188,YMR111C
4189,YMR112C
4190,YMR113W
4191,YMR114C
4192,YMR115W
4193,YMR116C
4194,YMR117C
4195,YMR118C
4196,YMR119W
4197,YMR119W
4198,YMR120C
4199,YMR121C
4200,YMR122W-A
4201,YMR123W
4202,YMR124W
4203,YMR125W
4204,YMR126C
4205,YMR127C
4206,YMR128W
4207,YMR129W
4208,YMR130W
4209,YMR131C
4210,YMR132C
4211,YMR133W
4212,YMR134W
4213,YMR135C
4214,YMR136W
4215,YMR137C
4216,YMR138W
4217,YMR139W
4218,YMR140W
4219,YMR141C
4220,YMR141W-A
4221,YMR142C
4222,YMR143W
4223,YMR144W
4224,YMR145C
4225,YMR146C
4226,YMR147W
4227,YMR148W
4228,YMR149W
4229,YMR150C
4230,YMR151W
4231,YMR152W
4232,YMR153C-A
4233,YMR153W
4234,YMR154C
4235,YMR155W
4236,YMR156C
4237,YMR157C
4238,YMR158C-A
4239,YMR158W
4240,YMR160W
4241,YMR161W
4242,YMR162C
4243,YMR163C
4244,YMR164C
4245,YMR165C
4246,YMR166C
4247,YMR167W
4248,YMR168C
4249,YMR169C
4250,YMR170C
4251,YMR171C
4252,YMR172W
4253,YMR173W
4254,YMR173W
4255,YMR174C
4256,YMR175W
4257,YMR175W-A
4258,YMR176W
4259,YMR177W
4260,YMR178W
4261,YMR179W
4262,YMR180C
4263,YMR181C
4264,YMR182C
4265,YMR182W-A
4266,YMR183C
4267,YMR184W
4268,YMR185W
4269,YMR186W
4270,YMR187C
4271,YMR188C
4272,YMR189W
4273,YMR190C
4274,YMR191W
4275,YMR192W
4276,YMR193C-A
4277,YMR193W
4278,YMR194C-B
4279,YMR194W
4280,YMR195W
4281,YMR196W
4282,YMR197C
4283,YMR198W
4284,YMR199W
4285,YMR200W
4286,YMR201C
4287,YMR202W
4288,YMR203W
4289,YMR204C
4290,YMR205C
4291,YMR206W
4292,YMR207C
4293,YMR208W
4294,YMR209C
4295,YMR210W
4296,YMR211W
4297,YMR212C
4298,YMR213W
4299,YMR214W
4300,YMR215W
4301,YMR216C
4302,YMR217W
4303,YMR218C
4304,YMR219W
4305,YMR220W
4306,YMR221C
4307,YMR222C
4308,YMR223W
4309,YMR224C
4310,YMR225C
4311,YMR226C
4312,YMR227C
4313,YMR228W
4314,YMR229C
4315,YMR230W
4316,YMR231W
4317,YMR232W
4318,YMR233W
4319,YMR234W
4320,YMR235C
4321,YMR236W
4322,YMR237W
4323,YMR238W
4324,YMR239C
4325,YMR240C
4326,YMR241W
4327,YMR242C
4328,YMR243C
4329,YMR244C-A
4330,YMR245W
4331,YMR246W
4332,YMR247C
4333,YMR250W
4334,YMR251W
4335,YMR251W-A
4336,YMR252C
4337,YMR253C
4338,YMR254C
4339,YMR255W
4340,YMR256C
4341,YMR257C
4342,YMR258C
4343,YMR259C
4344,YMR260C
4345,YMR261C
4346,YMR262W
4347,YMR263W
4348,YMR264W
4349,YMR265C
4350,YMR266W
4351,YMR267W
4352,YMR268C
4353,YMR269W
4354,YMR270C
4355,YMR271C
4356,YMR272C
4357,YMR273C
4358,YMR274C
4359,YMR275C
4360,YMR276W
4361,YMR277W
4362,YMR278W
4363,YMR279C
4364,YMR280C
4365,YMR281W
4366,YMR282C
4367,YMR283C
4368,YMR284W
4369,YMR285C
4370,YMR286W
4371,YMR287C
4372,YMR288W
4373,YMR289W
4374,YMR290C
4375,YMR291W
4376,YMR292W
4377,YMR293C
4378,YMR294W
4379,YMR294W-A
4380,YMR295C
4381,YMR296C
4382,YMR297W
4383,YMR298W
4384,YMR299C
4385,YMR300C
4386,YMR301C
4387,YMR302C
4388,YMR303C
4389,YMR304W
4390,YMR305C
4391,YMR305C
4392,YMR306W
4393,YMR307W
4394,YMR308C
4395,YMR309C
4396,YMR310C
4397,YMR311C
4398,YMR312W
4399,YMR313C
4400,YMR314W
4401,YMR315W
4402,YMR315W-A
4403,YMR316W
4404,YMR317W
4405,YMR318C
4406,YMR319C
4407,YMR320W
4408,YNL001W
4409,YNL002C
4410,YNL003C
4411,YNL004W
4412,YNL005C
4413,YNL006W
4414,YNL007C
4415,YNL008C
4416,YNL009W
4417,YNL010W
4418,YNL011C
4419,YNL012W
4420,YNL014W
4421,YNL015W
4422,YNL016W
4423,YNL020C
4424,YNL021W
4425,YNL022C
4426,YNL023C
4427,YNL024C
4428,YNL024C-A
4429,YNL025C
4430,YNL026W
4431,YNL027W
4432,YNL029C
4433,YNL030W
4434,YNL031C
4435,YNL032W
4436,YNL035C
4437,YNL036W
4438,YNL037C
4439,YNL038W
4440,YNL039W
4441,YNL040W
4442,YNL041C
4443,YNL042W
4444,YNL043C
4445,YNL044W
4446,YNL045W
4447,YNL046W
4448,YNL047C
4449,YNL048W
4450,YNL049C
4451,YNL050C
4452,YNL051W
4453,YNL052W
4454,YNL053W
4455,YNL054W
4456,YNL054W-B
4457,YNL054W-B
4458,YNL055C
4459,YNL056W
4460,YNL058C
4461,YNL059C
4462,YNL061W
4463,YNL062C
4464,YNL063W
4465,YNL064C
4466,YNL065W
4467,YNL066W
4468,YNL067W
4469,YNL068C
4470,YNL069C
4471,YNL070W
4472,YNL071W
4473,YNL072W
4474,YNL073W
4475,YNL074C
4476,YNL075W
4477,YNL076W
4478,YNL077W
4479,YNL078W
4480,YNL079C
4481,YNL080C
4482,YNL081C
4483,YNL082W
4484,YNL083W
4485,YNL084C
4486,YNL085W
4487,YNL086W
4488,YNL087W
4489,YNL088W
4490,YNL090W
4491,YNL091W
4492,YNL092W
4493,YNL093W
4494,YNL094W
4495,YNL095C
4496,YNL096C
4497,YNL097C
4498,YNL097C-B
4499,YNL098C
4500,YNL099C
4501,YNL100W
4502,YNL101W
4503,YNL102W
4504,YNL103W
4505,YNL104C
4506,YNL106C
4507,YNL107W
4508,YNL108C
4509,YNL110C
4510,YNL111C
4511,YNL112W
4512,YNL113W
4513,YNL115C
4514,YNL116W
4515,YNL117W
4516,YNL118C
4517,YNL119W
4518,YNL121C
4519,YNL122C
4520,YNL123W
4521,YNL124W
4522,YNL125C
4523,YNL126W
4524,YNL127W
4525,YNL128W
4526,YNL129W
4527,YNL130C
4528,YNL131W
4529,YNL132W
4530,YNL133C
4531,YNL134C
4532,YNL135C
4533,YNL136W
4534,YNL137C
4535,YNL138W
4536,YNL138W-A
4537,YNL139C
4538,YNL139C
4539,YNL141W
4540,YNL142W
4541,YNL144C
4542,YNL145W
4543,YNL146W
4544,YNL147W
4545,YNL148C
4546,YNL149C
4547,YNL150W
4548,YNL151C
4549,YNL152W
4550,YNL153C
4551,YNL154C
4552,YNL155W
4553,YNL156C
4554,YNL157W
4555,YNL158W
4556,YNL159C
4557,YNL160W
4558,YNL161W
4559,YNL162W
4560,YNL162W-A
4561,YNL163C
4562,YNL164C
4563,YNL165W
4564,YNL166C
4565,YNL167C
4566,YNL168C
4567,YNL169C
4568,YNL170W
4569,YNL172W
4570,YNL173C
4571,YNL175C
4572,YNL176C
4573,YNL177C
4574,YNL178W
4575,YNL179C
4576,YNL180C
4577,YNL181W
4578,YNL182C
4579,YNL183C
4580,YNL185C
4581,YNL185C
4582,YNL186W
4583,YNL187W
4584,YNL188W
4585,YNL189W
4586,YNL190W
4587,YNL191W
4588,YNL192W
4589,YNL193W
4590,YNL194C
4591,YNL195C
4592,YNL196C
4593,YNL197C
4594,YNL199C
4595,YNL199C
4596,YNL200C
4597,YNL201C
4598,YNL202W
4599,YNL206C
4600,YNL206C
4601,YNL206C
4602,YNL207W
4603,YNL208W
4604,YNL209W
4605,YNL210W
4606,YNL211C
4607,YNL212W
4608,YNL213C
4609,YNL214W
4610,YNL215W
4611,YNL216W
4612,YNL217W
4613,YNL218W
4614,YNL219C
4615,YNL220W
4616,YNL221C
4617,YNL222W
4618,YNL223W
4619,YNL224C
4620,YNL225C
4621,YNL227C
4622,YNL229C
4623,YNL230C
4624,YNL231C
4625,YNL232W
4626,YNL233W
4627,YNL234W
4628,YNL236W
4629,YNL237W
4630,YNL238W
4631,YNL239W
4632,YNL240C
4633,YNL241C
4634,YNL242W
4635,YNL243W
4636,YNL244C
4637,YNL245C
4638,YNL246W
4639,YNL247W
4640,YNL248C
4641,YNL249C
4642,YNL250W
4643,YNL251C
4644,YNL252C
4645,YNL253W
4646,YNL254C
4647,YNL255C
4648,YNL256W
4649,YNL257C
4650,YNL258C
4651,YNL259C
4652,YNL260C
4653,YNL261W
4654,YNL262W
4655,YNL263C
4656,YNL264C
4657,YNL265C
4658,YNL266W
4659,YNL267W
4660,YNL268W
4661,YNL270C
4662,YNL271C
4663,YNL272C
4664,YNL273W
4665,YNL274C
4666,YNL275W
4667,YNL276C
4668,YNL277W
4669,YNL278W
4670,YNL279W
4671,YNL280C
4672,YNL281W
4673,YNL282W
4674,YNL283C
4675,YNL284C
4676,YNL284C-B
4677,YNL284C-B
4678,YNL285W
4679,YNL286W
4680,YNL287W
4681,YNL288W
4682,YNL289W
4683,YNL290W
4684,YNL291C
4685,YNL292W
4686,YNL293W
4687,YNL294C
4688,YNL295W
4689,YNL297C
4690,YNL298W
4691,YNL299W
4692,YNL300W
4693,YNL301C
4694,YNL302C
4695,YNL304W
4696,YNL304W
4697,YNL305C
4698,YNL306W
4699,YNL307C
4700,YNL308C
4701,YNL309W
4702,YNL310C
4703,YNL311C
4704,YNL312W
4705,YNL313C
4706,YNL314W
4707,YNL315C
4708,YNL316C
4709,YNL317W
4710,YNL319W
4711,YNL320W
4712,YNL321W
4713,YNL322C
4714,YNL323W
4715,YNL325C
4716,YNL326C
4717,YNL327W
4718,YNL328C
4719,YNL329C
4720,YNL330C
4721,YNL331C
4722,YNL332W
4723,YNL333W
4724,YNL336W
4725,YNR001C
4726,YNR002C
4727,YNR003C
4728,YNR004W
4729,YNR006W
4730,YNR007C
4731,YNR008W
4732,YNR009W
4733,YNR010W
4734,YNR011C
4735,YNR012W
4736,YNR013C
4737,YNR014W
4738,YNR015W
4739,YNR016C
4740,YNR017W
4741,YNR018W
4742,YNR019W
4743,YNR020C
4744,YNR021W
4745,YNR022C
4746,YNR023W
4747,YNR024W
4748,YNR025C
4749,YNR026C
4750,YNR027W
4751,YNR028W
4752,YNR029C
4753,YNR030W
4754,YNR031C
4755,YNR032C-A
4756,YNR032W
4757,YNR033W
4758,YNR034W
4759,YNR034W-A
4760,YNR035C
4761,YNR036C
4762,YNR037C
4763,YNR038W
4764,YNR039C
4765,YNR040W
4766,YNR041C
4767,YNR043W
4768,YNR044W
4769,YNR045W
4770,YNR046W
4771,YNR047W
4772,YNR048W
4773,YNR049C
4774,YNR050C
4775,YNR051C
4776,YNR052C
4777,YNR053C
4778,YNR054C
4779,YNR055C
4780,YNR056C
4781,YNR057C
4782,YNR058W
4783,YNR059W
4784,YNR060W
4785,YNR061C
4786,YNR062C
4787,YNR063W
4788,YNR064C
4789,YNR065C
4790,YNR066C
4791,YNR067C
4792,YNR068C
4793,YNR069C
4794,YNR070W
4795,YNR071C
4796,YNR072W
4797,YNR073C
4798,YNR074C
4799,YNR075C-A
4800,YNR075W
4801,YOL001W
4802,YOL002C
4803,YOL003C
4804,YOL004W
4805,YOL005C
4806,YOL006C
4807,YOL007C
4808,YOL008W
4809,YOL009C
4810,YOL010W
4811,YOL011W
4812,YOL012C
4813,YOL013C
4814,YOL014W
4815,YOL015W
4816,YOL016C
4817,YOL017W
4818,YOL018C
4819,YOL019W
4820,YOL020W
4821,YOL021C
4822,YOL022C
4823,YOL023W
4824,YOL024W
4825,YOL025W
4826,YOL026C
4827,YOL027C
4828,YOL028C
4829,YOL029C
4830,YOL030W
4831,YOL031C
4832,YOL032W
4833,YOL033W
4834,YOL034W
4835,YOL035C
4836,YOL036W
4837,YOL038C-A
4838,YOL038W
4839,YOL039W
4840,YOL040C
4841,YOL041C
4842,YOL042W
4843,YOL043C
4844,YOL044W
4845,YOL045W
4846,YOL047C
4847,YOL048C
4848,YOL049W
4849,YOL051W
4850,YOL052C
4851,YOL052C-A
4852,YOL053W
4853,YOL054W
4854,YOL055C
4855,YOL056W
4856,YOL057W
4857,YOL058W
4858,YOL059W
4859,YOL060C
4860,YOL061W
4861,YOL062C
4862,YOL063C
4863,YOL064C
4864,YOL065C
4865,YOL066C
4866,YOL067C
4867,YOL068C
4868,YOL069W
4869,YOL070C
4870,YOL071W
4871,YOL072W
4872,YOL073C
4873,YOL075C
4874,YOL076W
4875,YOL077C
4876,YOL077W-A
4877,YOL078W
4878,YOL080C
4879,YOL081W
4880,YOL082W
4881,YOL083W
4882,YOL084W
4883,YOL086C
4884,YOL086W-A
4885,YOL087C
4886,YOL088C
4887,YOL089C
4888,YOL090W
4889,YOL091W
4890,YOL092W
4891,YOL093W
4892,YOL094C
4893,YOL095C
4894,YOL096C
4895,YOL097C
4896,YOL097W-A
4897,YOL098C
4898,YOL100W
4899,YOL101C
4900,YOL102C
4901,YOL103W
4902,YOL103W-B
4903,YOL103W-B
4904,YOL104C
4905,YOL105C
4906,YOL106W
4907,YOL107W
4908,YOL108C
4909,YOL109W
4910,YOL110W
4911,YOL111C
4912,YOL112W
4913,YOL113W
4914,YOL114C
4915,YOL115W
4916,YOL116W
4917,YOL117W
4918,YOL118C
4919,YOL119C
4920,YOL120C
4921,YOL121C
4922,YOL122C
4923,YOL123W
4924,YOL124C
4925,YOL125W
4926,YOL126C
4927,YOL127W
4928,YOL128C
4929,YOL129W
4930,YOL130W
4931,YOL132W
4932,YOL133W
4933,YOL135C
4934,YOL136C
4935,YOL137W
4936,YOL138C
4937,YOL139C
4938,YOL140W
4939,YOL141W
4940,YOL142W
4941,YOL143C
4942,YOL144W
4943,YOL145C
4944,YOL146W
4945,YOL147C
4946,YOL148C
4947,YOL149W
4948,YOL151W
4949,YOL152W
4950,YOL153C
4951,YOL154W
4952,YOL155C
4953,YOL155W-A
4954,YOL156W
4955,YOL157C
4956,YOL158C
4957,YOL159C
4958,YOL159C-A
4959,YOL160W
4960,YOL162W
4961,YOL163W
4962,YOL164W
4963,YOL164W-A
4964,YOR001W
4965,YOR002W
4966,YOR003W
4967,YOR004W
4968,YOR005C
4969,YOR006C
4970,YOR007C
4971,YOR008C
4972,YOR009W
4973,YOR010C
4974,YOR011W
4975,YOR013W
4976,YOR013W
4977,YOR014W
4978,YOR015W
4979,YOR016C
4980,YOR017W
4981,YOR018W
4982,YOR019W
4983,YOR020C
4984,YOR020W-A
4985,YOR021C
4986,YOR022C
4987,YOR023C
4988,YOR025W
4989,YOR026W
4990,YOR027W
4991,YOR028C
4992,YOR030W
4993,YOR031W
4994,YOR032C
4995,YOR032W-A
4996,YOR033C
4997,YOR034C
4998,YOR034C-A
4999,YOR035C
5000,YOR036W
5001,YOR037W
5002,YOR038C
5003,YOR039W
5004,YOR040W
5005,YOR042W
5006,YOR043W
5007,YOR044W
5008,YOR045W
5009,YOR046C
5010,YOR047C
5011,YOR048C
5012,YOR049C
5013,YOR050C
5014,YOR051C
5015,YOR052C
5016,YOR054C
5017,YOR056C
5018,YOR057W
5019,YOR058C
5020,YOR059C
5021,YOR060C
5022,YOR061W
5023,YOR062C
5024,YOR063W
5025,YOR064C
5026,YOR065W
5027,YOR066W
5028,YOR067C
5029,YOR069W
5030,YOR070C
5031,YOR071C
5032,YOR073W
5033,YOR074C
5034,YOR075W
5035,YOR076C
5036,YOR077W
5037,YOR078W
5038,YOR079C
5039,YOR080W
5040,YOR081C
5041,YOR083W
5042,YOR084W
5043,YOR085W
5044,YOR086C
5045,YOR087W
5046,YOR089C
5047,YOR090C
5048,YOR091W
5049,YOR092W
5050,YOR093C
5051,YOR094W
5052,YOR095C
5053,YOR096W
5054,YOR097C
5055,YOR098C
5056,YOR099W
5057,YOR100C
5058,YOR101W
5059,YOR103C
5060,YOR104W
5061,YOR104W
5062,YOR106W
5063,YOR107W
5064,YOR108W
5065,YOR109W
5066,YOR110W
5067,YOR111W
5068,YOR112W
5069,YOR113W
5070,YOR114W
5071,YOR115C
5072,YOR116C
5073,YOR117W
5074,YOR118W
5075,YOR119C
5076,YOR120W
5077,YOR121C
5078,YOR122C
5079,YOR123C
5080,YOR124C
5081,YOR125C
5082,YOR126C
5083,YOR127W
5084,YOR128C
5085,YOR129C
5086,YOR130C
5087,YOR131C
5088,YOR132W
5089,YOR133W
5090,YOR134W
5091,YOR136W
5092,YOR137C
5093,YOR138C
5094,YOR140W
5095,YOR141C
5096,YOR142W
5097,YOR143C
5098,YOR144C
5099,YOR145C
5100,YOR147W
5101,YOR148C
5102,YOR149C
5103,YOR150W
5104,YOR151C
5105,YOR152C
5106,YOR153W
5107,YOR154W
5108,YOR155C
5109,YOR156C
5110,YOR157C
5111,YOR158W
5112,YOR159C
5113,YOR160W
5114,YOR161C
5115,YOR162C
5116,YOR163W
5117,YOR164C
5118,YOR165W
5119,YOR166C
5120,YOR167C
5121,YOR168W
5122,YOR170W
5123,YOR171C
5124,YOR172W
5125,YOR173W
5126,YOR174W
5127,YOR175C
5128,YOR176W
5129,YOR177C
5130,YOR178C
5131,YOR179C
5132,YOR180C
5133,YOR181W
5134,YOR182C
5135,YOR184W
5136,YOR185C
5137,YOR187W
5138,YOR188W
5139,YOR189W
5140,YOR190W
5141,YOR191W
5142,YOR192C
5143,YOR192C-B
5144,YOR192C-B
5145,YOR192C-C
5146,YOR193W
5147,YOR194C
5148,YOR195W
5149,YOR196C
5150,YOR197W
5151,YOR198C
5152,YOR201C
5153,YOR204W
5154,YOR204W
5155,YOR204W
5156,YOR205C
5157,YOR206W
5158,YOR207C
5159,YOR208W
5160,YOR209C
5161,YOR210W
5162,YOR211C
5163,YOR212W
5164,YOR213C
5165,YOR215C
5166,YOR216C
5167,YOR217W
5168,YOR219C
5169,YOR220W
5170,YOR221C
5171,YOR222W
5172,YOR223W
5173,YOR224C
5174,YOR225W
5175,YOR226C
5176,YOR227W
5177,YOR228C
5178,YOR229W
5179,YOR230W
5180,YOR231W
5181,YOR232W
5182,YOR233W
5183,YOR234C
5184,YOR236W
5185,YOR237W
5186,YOR238W
5187,YOR239W
5188,YOR241W
5189,YOR242C
5190,YOR243C
5191,YOR244W
5192,YOR245C
5193,YOR246C
5194,YOR247W
5195,YOR247W
5196,YOR249C
5197,YOR250C
5198,YOR251C
5199,YOR252W
5200,YOR253W
5201,YOR254C
5202,YOR256C
5203,YOR257W
5204,YOR258W
5205,YOR259C
5206,YOR260W
5207,YOR261C
5208,YOR262W
5209,YOR264W
5210,YOR265W
5211,YOR266W
5212,YOR267C
5213,YOR269W
5214,YOR270C
5215,YOR271C
5216,YOR272W
5217,YOR273C
5218,YOR274W
5219,YOR275C
5220,YOR276W
5221,YOR278W
5222,YOR279C
5223,YOR280C
5224,YOR281C
5225,YOR283W
5226,YOR284W
5227,YOR285W
5228,YOR286W
5229,YOR287C
5230,YOR288C
5231,YOR289W
5232,YOR290C
5233,YOR291W
5234,YOR292C
5235,YOR293W
5236,YOR294W
5237,YOR295W
5238,YOR296W
5239,YOR297C
5240,YOR298C-A
5241,YOR298W
5242,YOR299W
5243,YOR299W
5244,YOR301W
5245,YOR302W
5246,YOR303W
5247,YOR304C-A
5248,YOR304W
5249,YOR305W
5250,YOR306C
5251,YOR307C
5252,YOR308C
5253,YOR310C
5254,YOR310C
5255,YOR311C
5256,YOR312C
5257,YOR313C
5258,YOR315W
5259,YOR316C
5260,YOR317W
5261,YOR318C
5262,YOR319W
5263,YOR320C
5264,YOR321W
5265,YOR322C
5266,YOR323C
5267,YOR324C
5268,YOR326W
5269,YOR327C
5270,YOR328W
5271,YOR329C
5272,YOR330C
5273,YOR332W
5274,YOR334W
5275,YOR335C
5276,YOR336W
5277,YOR337W
5278,YOR338W
5279,YOR339C
5280,YOR340C
5281,YOR341W
5282,YOR342C
5283,YOR343W-B
5284,YOR343W-B
5285,YOR344C
5286,YOR346W
5287,YOR347C
5288,YOR348C
5289,YOR349W
5290,YOR350C
5291,YOR351C
5292,YOR352W
5293,YOR353C
5294,YOR354C
5295,YOR355W
5296,YOR356W
5297,YOR357C
5298,YOR358W
5299,YOR359W
5300,YOR360C
5301,YOR361C
5302,YOR362C
5303,YOR363C
5304,YOR365C
5305,YOR367W
5306,YOR368W
5307,YOR369C
5308,YOR370C
5309,YOR371C
5310,YOR372C
5311,YOR373W
5312,YOR374W
5313,YOR375C
5314,YOR376W-A
5315,YOR377W
5316,YOR378W
5317,YOR380W
5318,YOR381W
5319,YOR382W
5320,YOR383C
5321,YOR384W
5322,YOR385W
5323,YOR386W
5324,YOR387C
5325,YOR389W
5326,YOR390W
5327,YPL001W
5328,YPL002C
5329,YPL003W
5330,YPL004C
5331,YPL005W
5332,YPL006W
5333,YPL007C
5334,YPL008W
5335,YPL009C
5336,YPL010W
5337,YPL011C
5338,YPL012W
5339,YPL013C
5340,YPL014W
5341,YPL015C
5342,YPL016W
5343,YPL017C
5344,YPL018W
5345,YPL019C
5346,YPL020C
5347,YPL022W
5348,YPL023C
5349,YPL024W
5350,YPL026C
5351,YPL027W
5352,YPL028W
5353,YPL029W
5354,YPL030W
5355,YPL031C
5356,YPL032C
5357,YPL034W
5358,YPL035C
5359,YPL036W
5360,YPL037C
5361,YPL038W
5362,YPL039W
5363,YPL040C
5364,YPL041C
5365,YPL042C
5366,YPL043W
5367,YPL045W
5368,YPL046C
5369,YPL047W
5370,YPL048W
5371,YPL049C
5372,YPL050C
5373,YPL051W
5374,YPL052W
5375,YPL053C
5376,YPL054W
5377,YPL055C
5378,YPL056C
5379,YPL057C
5380,YPL058C
5381,YPL059W
5382,YPL060W
5383,YPL061W
5384,YPL063W
5385,YPL064C
5386,YPL065W
5387,YPL066W
5388,YPL067C
5389,YPL068C
5390,YPL069C
5391,YPL070W
5392,YPL071C
5393,YPL072W
5394,YPL074W
5395,YPL075W
5396,YPL076W
5397,YPL077C
5398,YPL078C
5399,YPL079W
5400,YPL080C
5401,YPL081W
5402,YPL082C
5403,YPL083C
5404,YPL084W
5405,YPL085W
5406,YPL086C
5407,YPL087W
5408,YPL088W
5409,YPL089C
5410,YPL090C
5411,YPL091W
5412,YPL092W
5413,YPL093W
5414,YPL094C
5415,YPL095C
5416,YPL096C-A
5417,YPL096W
5418,YPL097W
5419,YPL098C
5420,YPL099C
5421,YPL100W
5422,YPL101W
5423,YPL103C
5424,YPL104W
5425,YPL105C
5426,YPL106C
5427,YPL107W
5428,YPL108W
5429,YPL109C
5430,YPL110C
5431,YPL111W
5432,YPL112C
5433,YPL113C
5434,YPL115C
5435,YPL116W
5436,YPL117C
5437,YPL118W
5438,YPL119C
5439,YPL119C-A
5440,YPL120W
5441,YPL122C
5442,YPL123C
5443,YPL124W
5444,YPL125W
5445,YPL126W
5446,YPL127C
5447,YPL128C
5448,YPL129W
5449,YPL131W
5450,YPL132W
5451,YPL133C
5452,YPL134C
5453,YPL135W
5454,YPL137C
5455,YPL138C
5456,YPL139C
5457,YPL140C
5458,YPL141C
5459,YPL142C
5460,YPL144W
5461,YPL145C
5462,YPL146C
5463,YPL147W
5464,YPL148C
5465,YPL149W
5466,YPL150W
5467,YPL151C
5468,YPL152W
5469,YPL153C
5470,YPL154C
5471,YPL155C
5472,YPL156C
5473,YPL157W
5474,YPL158C
5475,YPL159C
5476,YPL160W
5477,YPL161C
5478,YPL162C
5479,YPL163C
5480,YPL164C
5481,YPL165C
5482,YPL166W
5483,YPL167C
5484,YPL168W
5485,YPL169C
5486,YPL170W
5487,YPL171C
5488,YPL172C
5489,YPL173W
5490,YPL174C
5491,YPL175W
5492,YPL176C
5493,YPL177C
5494,YPL178W
5495,YPL179W
5496,YPL180W
5497,YPL181W
5498,YPL183C
5499,YPL183W-A
5500,YPL184C
5501,YPL186C
5502,YPL187W
5503,YPL188W
5504,YPL189C-A
5505,YPL189W
5506,YPL190C
5507,YPL191C
5508,YPL192C
5509,YPL193W
5510,YPL194W
5511,YPL195W
5512,YPL196W
5513,YPL198W
5514,YPL199C
5515,YPL201C
5516,YPL202C
5517,YPL203W
5518,YPL204W
5519,YPL205C
5520,YPL206C
5521,YPL207W
5522,YPL208W
5523,YPL209C
5524,YPL210C
5525,YPL211W
5526,YPL212C
5527,YPL213W
5528,YPL214C
5529,YPL215W
5530,YPL216W
5531,YPL217C
5532,YPL218W
5533,YPL219W
5534,YPL220W
5535,YPL221W
5536,YPL222W
5537,YPL223C
5538,YPL224C
5539,YPL225W
5540,YPL226W
5541,YPL227C
5542,YPL228W
5543,YPL229W
5544,YPL230W
5545,YPL231W
5546,YPL232W
5547,YPL233W
5548,YPL234C
5549,YPL235W
5550,YPL236C
5551,YPL237W
5552,YPL239W
5553,YPL240C
5554,YPL241C
5555,YPL242C
5556,YPL243W
5557,YPL244C
5558,YPL245W
5559,YPL246C
5560,YPL247C
5561,YPL248C
5562,YPL249C
5563,YPL249C-A
5564,YPL250C
5565,YPL252C
5566,YPL253C
5567,YPL254W
5568,YPL255W
5569,YPL256C
5570,YPL257W
5571,YPL258C
5572,YPL259C
5573,YPL260W
5574,YPL262W
5575,YPL263C
5576,YPL264C
5577,YPL265W
5578,YPL266W
5579,YPL267W
5580,YPL268W
5581,YPL269W
5582,YPL270W
5583,YPL271W
5584,YPL272C
5585,YPL273W
5586,YPL274W
5587,YPL277C
5588,YPL278C
5589,YPL279C
5590,YPR001W
5591,YPR002C-A
5592,YPR002W
5593,YPR003C
5594,YPR004C
5595,YPR005C
5596,YPR006C
5597,YPR007C
5598,YPR008W
5599,YPR009W
5600,YPR010C
5601,YPR010C-A
5602,YPR011C
5603,YPR012W
5604,YPR013C
5605,YPR014C
5606,YPR015C
5607,YPR016C
5608,YPR016W-A
5609,YPR017C
5610,YPR018W
5611,YPR019W
5612,YPR020W
5613,YPR021C
5614,YPR022C
5615,YPR023C
5616,YPR024W
5617,YPR025C
5618,YPR026W
5619,YPR027C
5620,YPR028W
5621,YPR029C
5622,YPR030W
5623,YPR031W
5624,YPR032W
5625,YPR033C
5626,YPR034W
5627,YPR035W
5628,YPR036W
5629,YPR036W-A
5630,YPR037C
5631,YPR040W
5632,YPR040W
5633,YPR040W
5634,YPR041W
5635,YPR042C
5636,YPR045C
5637,YPR046W
5638,YPR047W
5639,YPR048W
5640,YPR049C
5641,YPR051W
5642,YPR053C
5643,YPR053C
5644,YPR054W
5645,YPR055W
5646,YPR056W
5647,YPR057W
5648,YPR058W
5649,YPR060C
5650,YPR061C
5651,YPR062W
5652,YPR063C
5653,YPR064W
5654,YPR065W
5655,YPR066W
5656,YPR067W
5657,YPR068C
5658,YPR069C
5659,YPR070W
5660,YPR071W
5661,YPR072W
5662,YPR073C
5663,YPR074C
5664,YPR075C
5665,YPR078C
5666,YPR078C
5667,YPR079W
5668,YPR080W
5669,YPR081C
5670,YPR082C
5671,YPR083W
5672,YPR084W
5673,YPR085C
5674,YPR086W
5675,YPR087W
5676,YPR088C
5677,YPR089W
5678,YPR091C
5679,YPR093C
5680,YPR094W
5681,YPR095C
5682,YPR097W
5683,YPR098C
5684,YPR100W
5685,YPR101W
5686,YPR102C
5687,YPR103W
5688,YPR104C
5689,YPR105C
5690,YPR106W
5691,YPR107C
5692,YPR108W
5693,YPR109W
5694,YPR110C
5695,YPR111W
5696,YPR112C
5697,YPR113W
5698,YPR114W
5699,YPR115W
5700,YPR116W
5701,YPR117W
5702,YPR118W
5703,YPR119W
5704,YPR120C
5705,YPR121W
5706,YPR122W
5707,YPR124W
5708,YPR125W
5709,YPR126C
5710,YPR127W
5711,YPR128C
5712,YPR129W
5713,YPR131C
5714,YPR132W
5715,YPR133C
5716,YPR133W-A
5717,YPR134W
5718,YPR135W
5719,YPR137W
5720,YPR138C
5721,YPR139C
5722,YPR140W
5723,YPR141C
5724,YPR143W
5725,YPR144C
5726,YPR145C-A
5727,YPR145W
5728,YPR147C
5729,YPR147C
5730,YPR148C
5731,YPR149W
5732,YPR150W
5733,YPR151C
5734,YPR152C
5735,YPR153W
5736,YPR154W
5737,YPR155C
5738,YPR156C
5739,YPR157W
5740,YPR158C-D
5741,YPR158C-D
5742,YPR158W
5743,YPR158W-B
5744,YPR158W-B
5745,YPR159W
5746,YPR160W
5747,YPR160W
5748,YPR161C
5749,YPR162C
5750,YPR163C
5751,YPR164W
5752,YPR165W
5753,YPR166C
5754,YPR167C
5755,YPR168W
5756,YPR169W
5757,YPR170W-B
5758,YPR170W-B
5759,YPR170W-B
5760,YPR171W
5761,YPR172W
5762,YPR173C
5763,YPR174C
5764,YPR175W
5765,YPR176C
5766,YPR178W
5767,YPR179C
5768,YPR180W
5769,YPR181C
5770,YPR182W
5771,YPR183W
5772,YPR184W
5773,YPR185W
5774,YPR186C
5775,YPR187W
5776,YPR188C
5777,YPR189W
5778,YPR190C
5779,YPR191W
5780,YPR192W
5781,YPR193C
5782,YPR194C
5783,YPR195C
5784,YPR196W
5785,YPR198W
5786,YPR199C
5787,YPR200C
5788,YPR201W
